#번호	번역(손질 — 병합 마지막에 덮음. 제어 코드를 원문 위치로 되돌림·미번역 조각, 2026-10-04)
08317	그런데,\n어떻게 우리가 오는 걸{0F}알았어요?{0E}{02}$며칠 전 마법의 거울로부터\n계시를 받았소.{0F}고래의 순례에 따라\n네 곳의 샤리네를 돌아{0F}이 오르도스에\n도착하는 자가 있으리라고.{0E}
09969	서두르고 있었다・・・？{0E}{02}{01}어딘가로 향하고 있었던 걸까？{0E}{02}%포르티아국 쪽으로 향했다고\n할머니가 말했어.{0F}사악한 눈동자를 조심해라.{0F}사악한 눈동자에 현혹되지 마라.{0F}사악한 눈동자를 지닌 자가 나타났을 때,\n사악한 계획이 움직이기 시작한다고도\n말했다고 해요.{0F}제가 들은 건\n그것뿐이지만요.{0E}{02}2・・・・・・・・.{0E}
10012	{02}{14}무사하셔서 다행이에요・・・.{0F}안심했어요.{10}
10987	{02}{06}그 자들을 위해서라도,{0F}암비슈 국민들을 위해서라도{0F}가르가를 어떻게든 해야만 하는구나。{0E}{09}
11031	매복이라니？{0E}{02}{16}너희 같은 아이들이\n얼마나 대단한 일을 할 수 있는지{0F}나는 모르겠다만\n말살하라는 명령이 떨어졌다。{0E}
11213	{02}{14}그럼 적어도\n줄리오 공과 크리스 공에게는\n마차를 준비하게 해주게.{0E}도중까지 데려다주도록 하지.{0E}
11263	{02}{0A}저것 좀 봐.{0E}그건 그렇고, 이거.{0E}진짜 커다란 개다.{0E}
11340	갈가 소동이 진정되고 나서,\n다리를 건너는 사람이 줄어든{0F}것 같은 느낌이 드네.\n뭐, 조만간 사람들 왕래도\n다시 늘어나겠지.{0F}신경 쓰지 말자, 신경 쓰지 말자.{10}
12074	어, 주는 거예요?\n고마워요!{0E}{02}"어이어이, 양파 좀 가지고\n너무 기뻐하는 거 아니야?{0F}자, 원하는 만큼 가져가.{0E}
12116	그래서 안디는\n이제 기운을{0F}차렸으려나?{0E}{02}+로디라니까요!{10}
10037	저희,{0F}듀르젤 님을\n찾아왔어요.{0E}{02}{08}할아버지를・・・.{0E}{02}{09}네.{0E}{02}{08}할아버지라면,\n돌페스의 탑에{0F}유폐되어 계세요.{0E}{02}{09}네, 그 일은 들었어요.{0F}지금부터 돌페스의 탑으로 가서\n만나 뵐 생각이에요.{0E}조안나 씨.{0F}예전에, 하크 씨라는 떠돌이 학자가\n이곳에 왔던 걸 기억하시나요？{0E}{02}{08}하크 씨・・・？{0F}그・・・.\n하얀 마녀에 대해 조사하고\n계신다는 분이시죠.{0E}{02}{09}네, 맞아요.{0F}이 크리스의\n삼촌뻘 되는 분인데요,\n그 하크 씨한테서 들었어요.{0F}당신 할아버지가,{0F}자주, 은 단검을 지니고\n순례를 해 온 자만 있으면,\n하고 말씀하셨다고요.{0E}{02}{08}네, 제가 하크 씨한테\n말씀드렸어요.{0F}할아버지가, 왜 그런 말씀을\n하셨는지,\n그것까지는 저도 모르지만요・・・.{0F}그분의 연구에\n관련이 있지 않을까 해서・・・.{0F}하지만, 할아버지가 말씀하신 건\n옛 방식을 따른\n순례 여행이에요.{0F}지금도 순례 여행을 하는 사람은 있어요.{0F}하지만.{0E}은 단검을 지니고\n정해진 순서대로{0F}다섯 개의 샤리네를 도는 분은\n요즘엔, 거의 없답니다.{0E}{02}{09}실은 조안나 씨.\n이 줄리오랑 크리스가 바로 그래요.{0F}옛 방식 그대로 순례 여행을 해 왔거든요.{0E}{02}
11152	{02}{16}뭐？{0E}{02}{17}괴걸 와일드캣단？{0F}그게 뭐지？{0E}{02}{1B}어머, 뒤처지셨네요。\n푸엔테 왕국의 평화를 지키는\n의적 분들이에요。{0E}{02}{17}도적인가？{0E}{02}{1B}아뇨, 의적이에요。{0E}캐랙 왕과 에네톤 왕은\n굳은 악수를 나누며\n변치 않는 형제의 인연을 재확인했다。{0E}베라토의 흉악한 음모는\n줄리오, 크리스, 필리,\n반반의 활약과 구스 일행{0F}괴걸 와일드캣단의 난입으로\n미연에 막을 수 있었다。{0F}이제 푸엔테에 마음의 틈은 없다。{0F}북도 남도 없이 두 왕은\n형제의 힘을 합쳐,{0F}평화로운 나라를 세우기로 맹세했다。{0E}줄리오 일행은 캐랙 왕과 함께 홀크로 향해, 포르티아 왕국으로\n향하는 여행을 재개하기로 했다。{0E}
12233	{02}潤E・・・・・・・。{0E}
