#글자	한자 칸(KANJI12 — 한 번 배정하면 바꾸지 않는다)
ㅇ	亜
ㅡ	唖
가	娃
각	阿
간	姶
갇	逢
갈	葵
갉	茜
감	穐
갑	渥
값	旭
갓	葦
갔	芦
강	鯵
갖	梓
같	斡
갚	宛
개	姐
객	虻
갤	飴
갱	絢
걀	綾
거	鮎
걱	或
건	粟
걷	袷
걸	庵
검	按
겁	鞍
것	杏
겉	伊
게	夷
겐	委
겔	尉
겠	惟
겨	慰
격	維
겪	緯
견	萎
결	謂
겸	亥
겹	郁
겼	磯
경	壱
곁	溢
계	逸
고	稲
곡	茨
곤	芋
곧	鰯
골	允
곰	姻
곱	淫
곳	胤
공	蔭
과	陰
관	韻
괄	吋
광	宇
괘	烏
괜	迂
괴	卯
굉	鵜
교	窺
구	丑
국	碓
군	臼
굳	欝
굴	蔚
굵	鰻
굶	姥
굼	厩
궁	浦
궂	瓜
권	閏
궤	云
귀	荏
귓	餌
규	叡
균	嬰
그	曳
극	洩
근	瑛
글	盈
금	穎
급	頴
긋	詠
긍	液
기	疫
긴	駅
길	悦
김	閲
깃	榎
깊	厭
까	円
깎	堰
깐	奄
깔	怨
깜	掩
깝	焔
깥	燕
깨	猿
깼	艶
꺄	苑
꺅	薗
꺼	鉛
꺽	鴛
꺾	於
껍	甥
껏	凹
껑	央
께	旺
껴	欧
꼈	翁
꼬	襖
꼭	鴬
꼴	鴎
꼼	黄
꼽	岡
꽁	荻
꽂	桶
꽃	牡
꽉	卸
꽝	伽
꽤	佳
꾀	嘉
꾸	夏
꾹	寡
꾼	架
꿀	珂
꿇	禍
꿈	禾
꿔	箇
꿨	苛
꿰	茄
뀌	蝦
뀐	課
끄	嘩
끅	迦
끈	霞
끊	蚊
끌	俄
끓	峨
끔	臥
끗	芽
끙	蛾
끝	賀
끼	雅
끽	餓
낌	駕
나	塊
낙	廻
낚	恢
난	拐
날	魁
낡	晦
남	械
납	芥
낫	蟹
났	凱
낭	劾
낮	咳
낯	概
낳	涯
내	碍
낸	蓋
낼	該
냄	浬
냈	馨
냉	蛙
냐	垣
냠	柿
냥	蛎
너	鈎
넉	劃
넋	嚇
넌	廓
널	撹
넓	赫
넘	較
넛	郭
넜	閣
넣	隔
네	革
넬	岳
넵	顎
넷	笠
넸	樫
녀	橿
녁	鰍
년	恰
념	括
녔	渇
녕	葛
녘	褐
노	且
녹	鰹
논	椛
놀	樺
놈	株
농	兜
높	竃
놓	蒲
놔	釜
놨	鎌
뇌	鴨
뇨	栢
누	茅
눈	萱
눌	粥
눕	刈
눠	苅
눴	瓦
뉘	侃
뉴	冠
늉	刊
느	勧
늑	姦
는	患
늘	憾
늙	柑
늠	桓
능	棺
늦	款
늪	漢
늬	澗
니	潅
닉	竿
닌	緩
닐	缶
님	翰
닙	肝
다	莞
닥	諌
닦	貫
단	還
닫	陥
달	韓
닭	館
닮	舘
닳	巌
담	玩
답	癌
닷	翫
당	贋
닻	雁
닿	伎
대	岐
댁	旗
댄	既
댈	棋
댔	棄
댕	毅
더	汽
덕	畿
던	稀
덜	徽
덟	騎
덤	亀
덥	妓
덧	宜
덩	戯
덮	擬
데	欺
덴	祇
델	蟻
뎌	誼
도	掬
독	菊
돈	鞠
돋	吃
돌	桔
돕	橘
돗	砧
동	杵
돛	黍
돼	脚
됐	虐
되	仇
된	灸
될	笈
됨	糾
됩	渠
두	鋸
둑	禦
둔	亨
둘	享
둠	京
둡	侠
둥	僑
둬	兇
뒀	匡
뒤	卿
뒷	喬
듀	彊
드	恭
득	矯
든	蕎
듣	饗
들	尭
듬	暁
듭	桐
듯	粁
등	僅
디	均
딕	巾
딘	錦
딜	斤
딤	欣
딨	欽
딩	琴
딪	禽
따	芹
딱	菌
딴	衿
딸	謹
땀	九
땅	倶
때	狗
땐	玖
땠	矩
땡	躯
떠	駈
떡	駒
떤	虞
떨	寓
떴	串
떻	櫛
떼	釧
뗄	屑
또	沓
똑	轡
똥	窪
뚜	隈
뚝	粂
뚤	栗
뚫	桑
뛰	鍬
뛸	薫
뜨	郡
뜩	卦
뜬	袈
뜯	祁
뜰	刑
뜸	圭
뜻	珪
띄	径
띠	慶
라	慧
락	掲
란	桂
랄	渓
람	畦
랍	稽
랏	罫
랐	茎
랑	荊
랖	蛍
래	詣
랙	頚
랜	鶏
랩	鯨
랫	戟
랬	桁
랭	訣
랴	倹
략	倦
량	券
러	喧
럭	圏
런	堅
럴	憲
럼	拳
럽	捲
렀	牽
렁	硯
렇	絹
레	県
렉	謙
렌	顕
렘	鹸
렛	玄
려	絃
력	諺
련	乎
렬	姑
렴	孤
렵	狐
렷	糊
렸	袴
령	胡
례	菰
로	虎
록	跨
론	鈷
롤	五
롭	伍
롯	呉
롱	吾
뢰	梧
료	檎
룡	瑚
루	碁
룬	醐
룰	乞
룸	鯉
룻	佼
룽	侯
뤄	倖
류	勾
륙	厚
률	后
륭	喉
르	垢
륵	孔
른	孝
를	宏
름	巧
릅	巷
릇	庚
릉	弘
릎	恒
리	昂
릭	晃
린	杭
릴	校
림	梗
립	江
릿	洪
마	浩
막	溝
만	皇
많	硬
말	稿
맑	糠
맘	紘
맙	絞
맛	肯
망	肱
맞	腔
맡	膏
매	衡
맥	講
맨	購
맬	郊
맵	酵
맹	砿
맺	閤
머	鴻
먹	剛
먼	劫
멀	壕
멈	拷
멋	濠
멍	麹
메	克
멜	穀
멧	酷
며	鵠
면	漉
멸	甑
명	忽
몇	狛
모	此
목	坤
몫	墾
몬	懇
몰	昏
몸	昆
몹	梱
못	紺
몽	艮
묘	些
무	佐
묵	嵯
묶	沙
문	瑳
묻	詐
물	裟
뭇	坐
뭐	挫
뭔	債
뭘	哉
뭡	塞
뭣	妻
믈	宰
미	彩
민	采
믿	犀
밀	斎
밉	裁
밌	剤
밍	冴
밑	阪
바	堺
박	肴
밖	崎
반	埼
받	碕
발	鷺
밝	咋
밟	搾
밤	朔
밥	窄
밧	桜
방	鮭
밭	笹
배	匙
백	刷
뱀	撮
뱃	薩
뱅	皐
버	鯖
벅	捌
번	鮫
벌	晒
범	傘
법	撒
벗	燦
벙	珊
베	纂
벤	蚕
벨	酸
벳	餐
벼	暫
벽	仔
변	伺
별	嗣
볍	四
병	孜
보	斯
복	旨
본	獅
볼	祉
봄	肢
봅	脂
봉	諮
봐	賜
봤	歯
봬	児
뵈	寺
뵐	滋
뵙	爾
부	璽
북	痔
분	而
불	蒔
붉	辞
붐	汐
붕	鹿
붙	鴫
브	竺
븐	軸
블	宍
비	雫
빈	悉
빌	湿
빗	漆
빙	蔀
빚	篠
빛	偲
빠	柴
빡	屡
빤	蕊
빨	縞
빴	斜
빵	紗
빼	勺
빽	尺
뺏	杓
뺨	灼
뻐	酌
뻔	錫
뻗	惹
뻘	朱
뻤	珠
뻥	腫
뼈	儒
뼛	寿
뽑	樹
뿌	綬
뿍	宗
뿐	州
뿔	洲
뿜	繍
쁘	蒐
쁜	蹴
쁨	輯
삐	酋
삑	醜
삔	什
사	戎
삭	汁
삯	渋
산	銃
살	夙
삶	淑
삼	粛
샀	熟
상	俊
샅	峻
새	春
색	竣
샌	舜
샐	駿
샘	准
샛	循
생	旬
샤	楯
서	殉
석	淳
섞	遵
선	醇
섣	曙
설	渚
섬	庶
섭	署
섯	薯
섰	藷
성	叙
세	恕
센	鋤
셀	償
셈	升
셋	哨
셔	嘗
션	奨
셨	妾
셰	娼
셸	宵
소	庄
속	廠
손	彰
솔	抄
솜	掌
솟	捷
송	昌
쇄	昭
쇠	梢
쇼	樟
수	樵
숙	渉
순	湘
술	硝
숨	祥
숫	粧
숭	肖
숯	菖
숲	蒋
숴	蕉
쉈	裳
쉬	訟
쉰	詔
쉴	醤
쉽	鉦
쉿	鍾
슈	丞
스	剰
슨	壌
슬	擾
슴	畳
습	穣
슷	蒸
승	醸
시	嘱
식	埴
신	拭
싣	植
실	蝕
싫	娠
심	晋
십	榛
싯	疹
싱	秦
싶	芯
싸	薪
싹	仁
싼	塵
쌀	壬
쌍	尋
쌓	甚
쌔	腎
써	迅
썩	靭
썰	笥
썼	諏
쎄	須
쏘	酢
쏙	逗
쏟	垂
쏠	炊
쑥	翠
쓰	衰
쓴	錐
쓸	錘
씀	随
씁	髄
씨	嵩
씩	枢
씬	趨
씸	雛
씹	杉
씻	椙
아	菅
악	頗
안	雀
앉	裾
않	摺
알	瀬
암	畝
압	棲
앗	栖
았	逝
앙	醒
앞	脆
애	斥
액	析
앤	績
앨	脊
앰	蹟
야	碩
약	拙
얀	摂
얄	蝉
얌	仙
얍	尖
양	扇
얕	撰
얘	栓
어	栴
억	煎
언	煽
얹	旋
얻	穿
얼	箭
얽	繊
엄	羨
업	腺
없	舛
엇	詮
었	賎
엉	遷
엎	銑
에	閃
엑	漸
엔	禅
엘	繕
엣	膳
여	糎
역	噌
엮	塑
연	岨
열	措
염	曾
엽	曽
엾	楚
엿	疏
였	疎
영	礎
옆	租
예	蘇
옛	訴
오	遡
옥	鼠
온	叢
올	喪
옮	爽
옴	宋
옵	匝
옷	惣
옹	挿
와	掻
완	曹
왓	槽
왔	痩
왕	糟
왜	綜
왠	聡
외	蒼
왼	遭
요	鎗
욕	霜
용	蔵
우	促
욱	捉
운	卒
울	袖
움	其
웁	遜
웃	汰
웅	詑
워	唾
원	堕
월	妥
웜	惰
웠	柁
웩	楕
웬	騨
위	堆
윅	岱
유	泰
육	胎
윤	腿
율	苔
융	黛
으	鯛
윽	醍
은	滝
을	瀧
읊	卓
음	啄
읍	托
응	択
의	拓
이	琢
익	鐸
인	茸
일	凧
읽	蛸
잃	但
임	辰
입	巽
잇	竪
있	辿
잉	狸
잊	鱈
자	坦
작	旦
잔	歎
잖	淡
잘	箪
잠	綻
잡	耽
잣	蛋
잤	檀
장	弛
재	智
잭	池
쟁	稚
쟤	蜘
저	畜
적	竹
전	筑
절	逐
젊	窒
점	嫡
접	宙
정	抽
젖	衷
제	註
젠	酎
젤	鋳
져	樗
졌	瀦
조	猪
족	苧
존	著
졸	凋
좀	寵
좁	帖
종	庁
좇	弔
좋	懲
좌	暢
죄	牒
죠	脹
주	腸
죽	蝶
준	諜
줄	超
줌	銚
줏	勅
중	捗
줘	朕
줬	鎮
쥐	陳
즈	津
즉	墜
즌	椎
즐	槌
즘	鎚
증	塚
지	栂
직	掴
진	槻
질	佃
짊	柘
짐	辻
집	蔦
짓	綴
징	鍔
짚	椿
짜	坪
짝	壷
짠	嬬
짤	紬
짧	吊
짬	鶴
짰	亭
짱	剃
째	貞
쨌	呈
쩌	帝
쩍	悌
쩐	挺
쩔	梯
쩜	汀
쩡	碇
쩨	禎
쪼	訂
쪽	諦
쫓	蹄
쭈	逓
쭉	釘
쭐	鼎
쯤	擢
찌	滴
찍	笛
찔	鏑
찢	溺
차	哲
착	撤
찬	轍
찮	迭
찰	典
참	填
찼	添
창	纏
찾	甜
채	貼
책	顛
챈	澱
챌	兎
챔	吐
챘	屠
챙	徒
처	杜
척	菟
천	鍍
철	砥
첨	砺
첩	唐
첫	塘
청	套
체	宕
쳇	嶋
쳐	悼
쳤	搭
초	桃
촌	梼
촛	棟
총	淘
최	涛
추	燈
축	痘
춘	祷
출	筒
춤	董
춥	蕩
충	藤
춰	謄
췄	透
취	鐙
츠	騰
측	撞
층	胴
치	萄
칙	峠
친	鴇
칠	匿
침	涜
칩	督
칫	禿
칭	篤
카	栃
칸	橡
칼	凸
캄	椴
캅	鳶
캐	苫
캔	寅
캡	瀞
캣	噸
커	惇
컥	敦
컨	沌
컬	豚
컷	遁
컸	曇
케	奈
켄	那
켈	乍
켓	凪
켜	薙
켰	灘
코	捺
콘	楢
콜	畷
콤	楠
콧	軟
콩	汝
콰	尼
쾅	弐
쾌	迩
쿠	虹
쿨	廿
쿵	如
퀘	尿
퀴	韮
큐	妊
크	禰
큭	祢
큰	葱
클	猫
큼	撚
킁	粘
키	乃
킨	廼
킬	之
킴	埜
킷	嚢
킹	膿
타	農
탁	覗
탄	蚤
탈	巴
탐	把
탑	播
탓	覇
탔	杷
탕	琶
태	罵
택	芭
탠	俳
탱	排
터	盃
턱	牌
턴	肺
털	媒
텅	梅
테	楳
텐	煤
텔	狽
템	賠
텨	陪
텼	這
토	蝿
톡	秤
톤	矧
톨	萩
톱	伯
통	拍
퇴	柏
투	箔
툰	粕
툴	舶
퉁	曝
퉤	莫
튀	駁
튄	函
튕	硲
튜	箸
트	肇
특	筈
튼	櫨
틀	幡
틈	畠
티	溌
틱	醗
틴	伐
틸	罰
팁	筏
팅	閥
파	鳩
판	噺
팔	塙
팜	蛤
팠	隼
팡	伴
패	叛
팬	搬
퍼	斑
펐	氾
페	汎
펙	版
펜	班
펠	藩
펫	釆
펴	煩
편	頒
펼	挽
폈	磐
평	蕃
폐	蛮
포	匪
폭	否
폰	批
폴	泌
표	緋
푸	罷
푹	肥
푼	誹
풀	樋
품	簸
풋	枇
풍	毘
퓌	琵
퓨	柊
프	稗
픈	疋
플	髭
픔	彦
픕	菱
피	肘
픽	弼
핀	畢
필	筆
핌	逼
핏	桧
핑	媛
하	紐
학	謬
한	俵
할	彪
핥	瓢
함	票
합	廟
핫	秒
항	苗
해	鋲
핵	蒜
햇	蛭
했	鰭
행	彬
향	斌
허	瀕
헉	賓
헌	瓶
헐	埠
험	冨
헛	府
헤	扶
헬	斧
헴	符
헷	膚
혀	芙
현	譜
혈	賦
협	赴
혔	阜
형	附
혜	撫
호	葡
혹	蕪
혼	楓
홀	葺
홍	蕗
화	淵
확	弗
환	沸
활	鮒
홧	吻
황	墳
횃	憤
회	糞
획	丙
횡	併
효	塀
후	幣
훅	弊
훈	蔽
훌	頁
훔	僻
훗	碧
훨	瞥
휘	蔑
휙	箆
휜	篇
휩	編
휴	遍
흉	娩
흐	鞭
흑	舗
흔	鋪
흘	圃
흙	甫
흠	輔
흡	穂
흥	慕
흩	戊
희	簿
흰	菩
히	倣
힌	俸
힐	峰
힘	峯
곯	庖
꿉	朋
낀	泡
낄	烹
닢	縫
멎	胞
옜	芳
윈	萌
읏	蓬
므	蜂
