#원문	번역(맵 머리 지명 칸 0xA4 — 저장 목록 등에 표시. 자리 = 원문 뒤 첫 비영 바이트까지, 좁은 칸은 붙여 씀)
ラグピック村	라그픽 마을
緑の高原	녹색고원
ルデラの境門	루데라 국경문
水晶湖	수정호
ディーネ	디네
ラグーナ	라구나
鷹の爪号	매발톱호
ニーリ	니일리
潮騒の道	파도길
アルデ	알데
タラッタ号	타라타호
テグラ	테그라
ダイス	다이스
テグラの炭坑	테그라 탄광
チッタ	치타
ネルバ城	네르바성
トパーズ海岸	토파즈 해안
テュエール	튀에르
双竜谷の関所	쌍룡곡 관문
ダーツ	다트
三都橋	삼도교
ボルト	볼트
イグニス	이그니스
大蛇の背骨	큰 뱀의 등뼈
アンデラ城	안데라 성
アンデラ街道	안데라 가도
静寂の森	정적의숲
シフール	시푸르
グレイス山地	그레이스 산지
北ヒーツ街道	북 히츠 가도
オルドス	오르도스
ハイゼン	하이젠
迷いの森	미혹의 숲
ルイズの関所	루이즈 관문
ホルク	홀크
望砂の関所	망사 관문
バラカ	바라카
遺跡	유적
乾きの砂漠	메마른 사막
ディルトの関所	딜트 관문
ドルフェス	돌페스
ギドネル	기드넬
アロザ	아로자
ドルフェスの塔	돌페스의 탑
忘れじの街道	잊혀지지 않는 길
ルード	루드
ルード城	루드 성
イザベルの塔	이자벨의 탑
ラグーナ船着場	라구나 선착장
牢獄	감옥
魔女の海岸線	마녀의 해안선
ホルクの砦	홀크 요새
序章	서장
壱章	제1장
夢見街道	꿈꾸는 가도
地下迷宮	지하미궁
天儀室	천구의실
アンデラ	안데라
エルザ海岸	엘자 해안
弐章	제2장
参章	제3장
四章	제4장
五章	제5장
六章	제6장
七章	제7장
魔女の海岸	마녀의 해안
