#번호	번역(사용자 번역 + 용어 통일 tools/smparam_unify.py)
P0001	제로기
P0002	멧돼지 새끼
P0003	큰 멧돼지
P0004	지네(어미)
P0005	지네(새끼)
P0006	늑대
P0007	데스카르고
P0008	바다표범
P0009	큰박쥐
P0010	큰뱀
P0011	큰 쥐
P0012	타란툴라
P0013	샌드웜
P0014	지네(꼬리)
P0015	큰전갈
P0016	다크나이트
P0017	사자 부리는 자
P0018	큰 독수리
P0019	드래곤
P0020	날뛰는 원숭이
P0021	스피릿
P0022	스켈레톤
P0023	가르가
P0024	기생수 바젤라
P0025	카짐
P0026	울기트
P0027	칸다타
P0028	베라트
P0029	포르티아병
P0030	레바스
P0031	이자벨
P0032	포르티아병
P0033	늑대
P0034	늑대
P0035	외톨이 늑대
P0036	울프
P0037	회색 늑대
P0038	회색 늑대
P0039	늑대
P0040	울프
P0041	데스카르고
P0042	데스카르고
P0043	데스카르고
P0044	큰박쥐
P0045	큰박쥐
P0046	날뛰는 원숭이
P0047	날뛰는 원숭이
P0048	날뛰는 원숭이
P0049	날뛰는 원숭이
P0050	날뛰는 원숭이
P0051	카짐의 수하
P0052	큰 쥐
P0053	토오카네즈미
P0054	매직 랫
P0055	큰 독수리
P0056	큰 독수리
P0057	레드코브라
P0058	매직 스네이크
P0059	샌드웜
P0060	불거미
P0061	포르티아병
P0062	포르티아병
P0063	도구 제로
P0064	단검
P0065	소형 검
P0066	쇠검
P0067	강철검
P0068	넓은 검
P0069	절단검
P0070	달인의 검
P0071	에스페란사
P0072	천 옷
P0073	가죽 갑옷
P0074	철편 갑옷
P0075	청동 갑옷
P0076	판금 갑옷
P0077	명장의 갑옷
P0078	나무 방패
P0079	소형 방패
P0080	대형 방패
P0081	인내의 방패
P0082	나무 지팡이
P0083	은 단검
P0084	화이트스톤
P0085	유성의 창
P0086	구슬
P0087	게르드의 지팡이
P0088	감기약
P0089	명장의 방패
P0090	마력의 반지
P0091	라스파의 편지
P0092	바다표범 먹이
P0093	멀미약
P0094	진홍의 불꽃
P0095	뱃사람의 나이프
P0096	건조 보리
P0097	알프의 반지
P0098	렌즈콩 씨앗
P0099	비누 세트
P0100	랩의 지팡이
P0101	하크의 수첩
P0102	비단 로브
P0103	에토스의 약
P0104	번뜩임의 단검
P0105	행운의 옷
P0106	무명 로브
P0107	불꽃의 단검
P0108	강철 창
P0109	사슬 갑옷
P0110	달그림자 로브
P0111	수호의 반지
P0112	토마스의 메달
P0113	머리띠
P0114	행운의 반지2
P0115	캐랙의 친서
P0116	떡갈나무 로드
P0117	삼베 망토
P0118	베라트의 열쇠
P0119	수정 로드
P0120	역전의 망토
P0121	마스터 나이프
P0122	가죽 갑주
P0123	나무 활
P0124	건틀릿
P0125	몸피 로브
P0126	금 펜던트
P0127	강철 너클
P0128	무도복
P0129	청진주 로드
P0130	궁수자리 망토
P0131	질풍의 창
P0132	사슬 갑주
P0133	고대의 검
P0134	문장의 망토
P0135	무화과 열매
P0136	민첩의 반지1
P0137	민첩의 반지2
P0138	민첩의 반지3
P0139	지혜의 반지1
P0140	지혜의 반지2
P0141	행운의 반지1
P0142	행운의 반지3
P0143	마법저항의 반지1
P0144	마법저항의 반지2
P0145	마법저항의 반지3
P0146	아지랑이 갑옷
P0147	스파이더 나이프
P0148	영걸의 망토
P0149	야한 책
P0150	순례자의 마음가짐
P0151	신심의 부적
P0152	정사의 창
P0153	경계의 방패
P0154	빙설의 창
P0155	실드로브
P0156	속업의 단검
P0157	소환의 단도
P0158	몽견의 검
P0159	진공의 검
P0160	명검 실핑
P0161	루비 지팡이
P0162	백은의 지팡이
P0163	광명의 지팡이
P0164	마도사의 지팡이
P0165	천패의 로드
P0166	소생약
P0167	해독약
P0168	베일
P0169	영지의 로브
P0170	왕자의 커틀러스
P0171	사피 제2권
P0172	사피 제3권
P0173	사피 제4권
P0174	사피 제5권
P0175	사피 제6권
P0176	사피 제7권
P0177	사피 제8권
P0178	사피 제9권
P0179	검사 교본 그 1
P0180	검사 교본 그 2
P0181	검사 교본 그 3
P0182	사피 제1권
P0183	쇠열쇠
P0184	강철열쇠
P0185	구리 열쇠
P0186	날카로운 송곳니
P0187	틀니
P0188	날카로운 틀니
P0189	모피
P0190	윤기 좋은 모피
P0191	강모 모피
P0192	밤방의 방패
P0193	밤방의 방패2
P0194	밤방의 방패3
P0195	글러브
P0196	약초
P0197	회복약
P0198	금화
P0199	반다나
P0200	반바지
P0201	검은 터번
P0202	터번
P0203	날카로운 발톱
P0204	검사의 증표
P0205	투석봉
P0206	쇠 투석봉
P0207	은 투석봉
P0208	금 투석봉
P0209	진주 투석봉
P0210	나는 마법의 제로야
P0211	벌 부르기
P0212	카마이타치
P0213	슬립
P0214	암흑 속박
P0215	큐어
P0216	힐1
P0217	힐2
P0218	힐3
P0219	소생
P0220	실드
P0221	플레임
P0222	파이어
P0223	안개
P0224	선더
P0225	시공정지
P0226	프리즈
P0227	선더
P0228	초음파
P0229	파이어브레스
P0230	회복약1
P0231	회복약2
P0232	던지기
P0233	점프베기
P0234	회전베기
P0235	어퍼컷
P0236	진공베기
P0237	독
P0238	마비
P0239	힘의 저주
P0240	반마력의 저주
P0241	참
P0242	혼란
P0243	독니
P0244	마비니
P0245	환술 그림자박기
P0246	환술 눈가림
P0247	제로
P0250	영일이삼사오육칠＄팔구십
P0251	평범한 단검
P0252	상대의 움직임을＄예측하게 하는＄단검
P0253	뱃사람의 나이프
P0254	불의 정령 깃든＄신비한 단검
P0255	장식이 아름다우면서＄실용성도 갖춘＄애호가용 나이프
P0256	날이 예리한＄나이프
P0257	장비하면＄신비한 힘으로＄빨라지는 단검
P0258	왠지 벌을＄소환하는 단도
P0259	작고 편한 검
P0260	철제 검
P0261	강철로 만든＄예리한 검
P0262	칼날이 넓고＄공격력이＄높은 검
P0263	단칼에＄모든 적을＄베어낸다는＄유래가 있는 검
P0264	달인도＄인정한 검
P0265	녹슨 검이＄은 단검에 의해＄변화한 것＄번개의 효과를 지님
P0266	고대로부터의＄명검
P0267	잠을 부른다고＄하는 검
P0268	카마이타치의＄주문을 칼날에＄새긴 검
P0269	매혹적인 날 무늬를＄가진 명검
P0270	강철 창
P0271	질풍처럼＄순식간에＄적을 쓰러뜨린다는＄유래의 창
P0272	유성처럼＄순식간에＄적을 쓰러뜨린다는＄유래의 창
P0273	범상치＄않아 보이는 창
P0274	얼음 정령의＄신비한 창
P0275	검사 블러드가＄사용한 무기
P0276	태어날 때부터＄갖춘＄매우 날카로운 송곳니
P0277	평범한 틀니
P0278	송곳니가 달린＄틀니
P0279	평범한 투석봉
P0280	철제 투석봉
P0281	은제 투석봉
P0282	금제 투석봉
P0283	장식이 아름다운＄투석봉
P0284	나무 지팡이
P0285	랩의 지팡이가＄은 단검에 의해＄변화한 것
P0286	랩 영감에게＄받은 지팡이
P0287	떡갈나무＄맞으면 아플 듯한＄지팡이
P0288	수정으로 만든＄신비한 힘을＄간직한 로드
P0289	청진주가＄박혀 있는＄아름다운 로드
P0290	하늘도 뚫는다는＄신비한 힘을 지녔다＄는 로드
P0291	루비로 꾸민＄고운 지팡이
P0292	백은빛이＄아름다운 지팡이
P0293	눈부신 지팡이
P0294	마도사 지팡이
P0295	보통 나무 활
P0296	강철로 만든 너클
P0297	평범한 옷
P0298	행운을 부른다는＄유래가 있는＄고마운 옷
P0299	가죽 갑옷
P0300	철편을＄조합한 갑옷
P0301	청동 갑옷
P0302	판금 갑옷
P0303	명장이 만든 갑옷＄높은 방어력과＄가벼움을 겸비
P0304	사슬 갑옷
P0305	아지랑이 같은＄기운을 내뿜는다는＄유래의 갑옷
P0306	무명으로 짠＄로브
P0307	비단으로 짠＄고급 로브
P0308	신비한 힘의＄수호 로브
P0309	신비한 힘으로＄공격을 막는＄로브
P0310	신비한 힘으로＄마법을 막는＄로브
P0311	신비한 힘으로＄마력 상승＄로브
P0312	삼베라＄통기성 좋고＄가벼운 망토
P0313	역전의 전사가＄걸쳤다고＄전해지는 망토
P0314	문장 자수가＄놓여 있는＄망토
P0315	궁수자리 자수가＄놓여 있는＄망토
P0316	전설의 영웅이＄걸쳤다고＄전해지는 망토
P0317	방어력도 무게도＄적당한 방어구
P0318	아주 평범한＄사슬 갑주
P0319	착용하면＄기합이 들어가는 옷
P0320	이 세상에＄태어날 때부터＄입고 있는 방어구
P0321	본래의 모피를＄지키는 옷
P0322	경이로운＄방어력을 자랑하는＄옷
P0323	나무방패
P0324	작고 편한 방패
P0325	단단하나＄무거운 방패
P0326	다루려면＄인내가 필요한 방패
P0327	명장이 만든 방패＄가볍고 방어력이＄높음
P0328	철판을 덧댄＄가죽 손토시
P0329	참고 기다려＄방어력을＄올리는 방패
P0330	신비 방패
P0331	강력한 신비 방패
P0332	신비 방패
P0333	신비한 힘을＄품은 하얀 돌
P0334	귀여운 머리핀
P0335	금으로 만든＄펜던트
P0336	마력 상승 반지
P0337	방어력 상승＄반지
P0338	민첩해지는＄반지
P0339	민첩해지는＄반지
P0340	민첩해지는＄반지
P0341	지혜 상승 반지
P0342	지혜 상승 반지
P0343	행운을 부르는＄반지
P0344	행운을 부르는＄반지
P0345	행운을 부르는＄반지
P0346	마법 저항력＄상승 반지
P0347	마법 저항력＄상승 반지
P0348	마법 저항력＄상승 반지
P0349	부적
P0350	전설의 뱃사람＄캡틴 R.＄토마스의 메달
P0351	가죽 글러브
P0352	멋진＄반다나
P0353	멋진＄반바지
P0354	검은 머리 두건
P0355	머리 두건
P0356	얼굴 가리는 천
P0357	예리한 발톱
P0358	검사의 증표
P0359	순례의 증표인＄단검＄통행증 대신＄되기도 함
P0360	용도불명
P0361	어떤 감기든＄순식간에＄낫는 약
P0362	니리 읍장＄라스파가＄알데 촌장에게＄보낸 편지
P0363	바다표범 먹이＄원료는＄어패류인 듯
P0364	뱃멀미에 잘 듣는＄매발톱호 상비약
P0365	이탄 속에서＄만든 붉은 보석
P0366	보리를 한 번 끓여＄말린 것＄보존이 잘 되어＄휴대식이 됨
P0367	앰비시의＄문장이 새겨진＄오래된 반지
P0368	황무지에서도 자라는＄렌즈콩 씨앗＄먹을 수도＄있음
P0369	산토교에서 받은＄1만 번째 통과자＄기념품＄용도는 불명
P0370	에토스 노인이＄로디를 위해＄준비한 약
P0371	캐랙이＄형과의 화해를 위해＄준비한 친서
P0372	왕비가＄갇혀 있는＄방의 열쇠
P0373	귀중한 천연＄무화과 열매
P0374	금으로 만들어진＄돈
P0375	쇠 자물쇠가＄걸린 곳에＄사용
P0376	강철 자물쇠가＄걸린 곳에＄사용
P0377	구리 자물쇠가＄걸린 곳에＄사용
P0378	전투불능 상태를＄회복하는 약
P0379	체력을 조금＄회복하는 약
P0380	체력 회복약＄약초보다 강력
P0381	마비, 독, 수면을＄치료하는＄강력한 약
P0382	카짐이 쓰는 마비
P0383	카짐이 쓰는 혼란
P0384	큰전갈
P0385	파이어 울프
P0386	울프
P0387	네크로맨서
P0388	다크 메이지
P0389	스켈레톤
P0390	스켈레톤
P0391	데빌 아머
P0392	가디언
P0393	바다트
P0394	고죠
P0395	가죠
P0396	큰 멧돼지
P0397	카디문(ev.)
P0398	벌을 불러＄상대를 공격한다.
P0399	진공의 칼날을＄날려＄적을 공격한다.
P0400	적 하나를＄불로 공격.
P0401	얼음으로 적에게＄피해를 준다.
P0402	번개로 적에게＄피해를 준다.
P0403	적 전원에게＄불로 공격.
P0404	적을 재운다.
P0405	적의 움직임을＄봉한다.
P0406	아군의＄이상 상태를＄회복한다.
P0407	한 명의 체력을＄조금 회복한다.
P0408	한 명의 체력을＄회복한다.
P0409	전원의 체력을＄회복한다.
P0410	전투불능이 된＄동료를＄되살린다.
P0411	받는 피해를＄줄인다.
P0412	안개를 쳐서＄적의 공격이＄빗나가게＄한다.
P0413	적의 움직임을＄봉한다.
P0414	한 명의 체력을＄조금 회복한다.
P0415	전원의 체력을＄조금 회복한다.
