#번호	줄인 설명(제자리 예산 = 자리−1 바이트, 한글·＄ 2 B · 반각 1 B — 사용자 지시 «설명 줄여» 2026-10-04)
P0251	평범한 단검
P0252	상대의 움직임을＄예측하게 하는＄단검
P0253	뱃사람의 나이프
P0254	불의 정령 깃든＄신비한 단검
P0255	장식이 아름다우면서＄실용성도 갖춘＄애호가용 나이프
P0256	날이 예리한＄나이프
P0258	왠지 벌을＄소환하는 단도
P0259	작고 편한 검
P0260	철제 검
P0262	칼날이 넓고＄공격력이＄높은 검
P0264	달인도＄인정한 검
P0266	고대로부터의＄명검
P0267	잠을 부른다고＄하는 검
P0269	매혹적인 날 무늬를＄가진 명검
P0270	강철 창
P0271	질풍처럼＄순식간에＄적을 쓰러뜨린다는＄유래의 창
P0272	유성처럼＄순식간에＄적을 쓰러뜨린다는＄유래의 창
P0274	얼음 정령의＄신비한 창
P0278	송곳니가 달린＄틀니
P0279	평범한 투석봉
P0280	철제 투석봉
P0281	은제 투석봉
P0282	금제 투석봉
P0283	장식이 아름다운＄투석봉
P0284	나무 지팡이
P0287	떡갈나무＄맞으면 아플 듯한＄지팡이
P0291	루비로 꾸민＄고운 지팡이
P0292	백은빛이＄아름다운 지팡이
P0293	눈부신 지팡이
P0294	마도사 지팡이
P0295	보통 나무 활
P0297	평범한 옷
P0299	가죽 갑옷
P0301	청동 갑옷
P0302	판금 갑옷
P0303	명장이 만든 갑옷＄높은 방어력과＄가벼움을 겸비
P0304	사슬 갑옷
P0305	아지랑이 같은＄기운을 내뿜는다는＄유래의 갑옷
P0308	신비한 힘의＄수호 로브
P0309	신비한 힘으로＄공격을 막는＄로브
P0310	신비한 힘으로＄마법을 막는＄로브
P0311	신비한 힘으로＄마력 상승＄로브
P0312	삼베라＄통기성 좋고＄가벼운 망토
P0313	역전의 전사가＄걸쳤다고＄전해지는 망토
P0316	전설의 영웅이＄걸쳤다고＄전해지는 망토
P0320	이 세상에＄태어날 때부터＄입고 있는 방어구
P0323	나무방패
P0324	작고 편한 방패
P0325	단단하나＄무거운 방패
P0327	명장이 만든 방패＄가볍고 방어력이＄높음
P0328	철판을 덧댄＄가죽 손토시
P0329	참고 기다려＄방어력을＄올리는 방패
P0330	신비 방패
P0331	강력한 신비 방패
P0332	신비 방패
P0333	신비한 힘을＄품은 하얀 돌
P0334	귀여운 머리핀
P0336	마력 상승 반지
P0337	방어력 상승＄반지
P0338	민첩해지는＄반지
P0339	민첩해지는＄반지
P0340	민첩해지는＄반지
P0341	지혜 상승 반지
P0342	지혜 상승 반지
P0343	행운을 부르는＄반지
P0344	행운을 부르는＄반지
P0345	행운을 부르는＄반지
P0346	마법 저항력＄상승 반지
P0347	마법 저항력＄상승 반지
P0348	마법 저항력＄상승 반지
P0351	가죽 글러브
P0354	검은 머리 두건
P0355	머리 두건
P0356	얼굴 가리는 천
P0357	예리한 발톱
P0358	검사의 증표
P0359	순례의 증표인＄단검＄통행증 대신＄되기도 함
P0360	용도불명
P0364	뱃멀미에 잘 듣는＄매발톱호 상비약
P0365	이탄 속에서＄만든 붉은 보석
P0366	보리를 한 번 끓여＄말린 것＄보존이 잘 되어＄휴대식이 됨
P0375	쇠 자물쇠가＄걸린 곳에＄사용
P0376	강철 자물쇠가＄걸린 곳에＄사용
P0377	구리 자물쇠가＄걸린 곳에＄사용
P0378	전투불능 상태를＄회복하는 약
P0379	체력을 조금＄회복하는 약
P0380	체력 회복약＄약초보다 강력
P0381	마비, 독, 수면을＄치료하는＄강력한 약
