#번호	첫 위치	개수	원문	번역
05271	MAP/MAP021.BIN:00F44F	2	{02}{01}ひょっとすると、\nここの村長さんですか？{0E}{02}{17}あーそうじゃよ。{0F}ワシは昼寝ばかりしておる\nダーツのボンクラ村長じゃ。{0E}{09}\n{02}	
05272	MAP/MAP021.BIN:00F4C4	2	自分のことボンクラなんて言うの\n良くないと思うよ。{0E}{02}{17}いいんじゃよ。\n本当のことだから。{0F}この村を少し歩いただけでも、\nよーく、わかったじゃろう。\nこの村には気力というものがない。{0F}まあ、ワシに気力がないから\nこういうことになったのじゃが、\n村人は皆、どこかヒネクレとる。{0F}最悪じゃのう。{0E}{09}{10}{02}{01}みんなで元気を出して\n働けばいいじゃない。{0E}{02}{17}その元気が出ないのだから仕方ない。{0E}{09}\n{02}	
05273	MAP/MAP021.BIN:00F632	2	しかたないって・・・。{0E}{09}{0E}{02}{01}隣のダイスの町ばかり\n大きくなっていくから{0F}みんな、スネちゃってるのね。{0E}{02}{17}まあ、簡単に言ってしまえば\nそういうことじゃ。{0F}初めのうちは、\nダイスにも負けない豊かな村に\nしようと、努力もしたのだがな。{0F}こうも差をつけられると、\nすっかり負け犬根性が\n身についてしまって、{0F}どうにもこうにもならん。{0E}{09}\n{02}{01}気持ちはわかるけど・・・。{0F}どこかでフン切りをつけて\n頑張ってみないとダメだと思うわ。{0E}{02}{17}なかなか、きっかけがなくてのう。{0E}{09}\n{02}{01}そんなこと言ってるからダメなのよ。{0F}じゃあ、どんな時なら\nきっかけになるっていうの？{0E}{02}{17}村のみんなが、\n一瞬でも{0F}明るくなったときかのう・・・。{0E}{09}\n{02}	
05274	MAP/MAP021.BIN:00F87B	2	いつ明るくなるの？{0E}{02}{17}う～ん・・・そういえば１年に１度、キタラ弾きのトロバが{0F}来たときだけは、\nみんな一瞬だけ明るくなるなぁ。{0E}{09}{10}{02}{01}じゃあ、\nそのときが村を{0F}立て直すチャンスね。{0E}{09}	
05275	MAP/MAP021.BIN:00F92A	2	{02}{04}キタラ弾きか。{0E}{02}{17}そうじゃ！{0F}いつも今ごろの季節になると、\nキタラ弾きがやってくるんじゃ。{0F}これは本当に、\n村を立て直すチャンスかも知れん。{0E}{09}{10}{02}	
05276	MAP/MAP021.BIN:00F9B8	1	そうだよ、\nがんばってよ。{0E}{02}{17}よーし、ダメでもともとじゃ。{0F}今度キタラ弾きが来たとき、\nみんなにもう１度、\nいちから\n頑張るように言ってみよう。{0E}{09}{0A}{02}{01}がんばってね、村長さん。{10}	
05277	MAP/MAP021.BIN:00FA6A	2	{02}{17}いや、ありがとう。{0F}あんたたちのおかげで\n勇気がわいてきたよ。{10}	
05278	MAP/MAP021.BIN:00FAAE	2	{02}{17}すっかり負け犬根性が\n身についてしまって、{0F}どうにもこうにもならんよ。{0E}	
05279	MAP/MAP021.BIN:00FAFA	2	{02}{17}クロワばあさんの家？{0F}この村を流れている川を、\n少しさかのぼると\n２つの川が合流しておる。{0F}それを右にたどって行けば、\nばあさんの家じゃ。{10}	
05280	MAP/MAP021.BIN:00FB88	2	{02}{17}あんたたちなら大歓迎さ。\nいつでも来ておくれ。{10}	
05281	MAP/MAP021.BIN:00FC0E	2	{02}{18}あっ、よそ者だ。{0E}{02}{18}あたいたちを、\nヘンな目で見ないでよ。{0E}	
05282	MAP/MAP021.BIN:00FE00	2	あんまりだよ～！{0E}{09}\n{02}{01}ひ、ひどい・・・。{0E}{09}	
05283	MAP/MAP021.BIN:00FE2A	2	{02}{04}やるじゃねぇか。\n女にしとくのが、惜しいくらいだ。{10}	
05284	MAP/MAP021.BIN:00FE92	2	{02}{18}ふん！\nバカにすると、しょうちしないぞ！{0E}{09}\n{02}	
05285	MAP/MAP021.BIN:00FEC0	2	あんまりだよ～！{10}	
05286	MAP/MAP021.BIN:00FEF4	2	{02}{18}あ、ルーレじじい！\nお豆ちょうだい。{0F}ひとちゅでいいから、ね。\nひとちゅだけ。{0E}{09}	
05287	MAP/MAP021.BIN:00FF44	2	{02}{13}あとで村長にもらいなさい。{0E}{02}{18}ケチんぼ！{10}	
05288	MAP/MAP021.BIN:00FF74	2	{02}{18}あ、ルーレじじい！\nお豆は？{0E}{09}	
05289	MAP/MAP021.BIN:00FF94	2	{02}{13}村長から\nあとで、もらいなさい。{10}	
05290	MAP/MAP021.BIN:010020	2	{02}{18}お豆をもってきてくれたの～？{0E}	
05291	MAP/MAP021.BIN:010052	2	{02}{13}ああ。\n村長に渡しておくから、{0F}あとで、もらいなさい。{0E}	
05292	MAP/MAP021.BIN:010096	2	{02}{13}ああ。\n村長に渡してあるよ。{0E}	
05293	MAP/MAP021.BIN:0100B8	2	{02}{18}やったぁ～。{0F}あたしたちね、今度ルーレが来たら\nおどりを見せようと思って\nれんしゅうしてたの。{0F}見てくれる？{0E}{09}	
05294	MAP/MAP021.BIN:010125	2	{02}{13}おお、そいつは楽しみだ。\nやってくれるかね？{0E}{02}%うん！{0E}	
05295	MAP/MAP021.BIN:0108F0	2	{09}{0A}{02}{13}ぶらぼ～！！{0F}王宮舞踊団よりも\n素晴らしい踊りじゃ！\nわしは天才を見た！{0E}	
05296	MAP/MAP021.BIN:01095E	2	やった～！{0E}	
05297	MAP/MAP021.BIN:01098A	4	{02}{18}ルーレじじいがこんど来るときには\nもっと、うまくなってるからね！{0E}{09}	
05298	MAP/MAP021.BIN:0109CE	4	{02}{13}踊りは１級だが\nそのじじいは、やめてくれ。{0E}	
05299	MAP/MAP021.BIN:010A24	2	{02}{13}・・・まったく聞いとらん。{10}	
05300	MAP/MAP021.BIN:010AEC	2	{02}{18}ルーレじじいが\nこんど来るときには、{0F}もっと、うまくなってるんだ。{10}	
05301	MAP/MAP021.BIN:010B3E	2	{02}{18}あんたたちのせいよ！{0F}よそ者がきたから\nげんが切れたんだ！{10}	
05302	MAP/MAP021.BIN:010B96	2	{02}{18}ルーレじじい、\nきっとお豆を\n持ってきてくれたんだぁ！{10}	
05303	MAP/MAP021.BIN:010BD2	2	{02}{18}トロバが、かあいそう・・・。{10}	
05304	MAP/MAP021.BIN:010BF6	2	{02}{18}あたしたちも、がんばるんだ！{10}	
05305	MAP/MAP021.BIN:010C2E	2	{02}{19}この村には\n旅人が見るようなものなど{0F}何もないぞ。{0F}見て回るだけムダじゃ。{10}	
05306	MAP/MAP021.BIN:010C7E	2	{02}{19}やはり、わしらは\n希望すら持っちゃいかんのだ。{10}	
05307	MAP/MAP021.BIN:010CB4	2	{02}{19}ワシだって\nまだまだ働けるぞ。{10}	
05308	MAP/MAP021.BIN:010D16	2	{02}{15}なんだ、人の気配がしたから、\nキタラ弾きのトロバが来たのかと{0F}思った。{0E}{09}	
05309	MAP/MAP021.BIN:010D61	2	キタラ弾きのトロバ？{0E}{02}{15}この季節になると\nやってきて、弾き語りを{0F}してくれるんだ。\nいつもダイスによってから\n来てくれるんだけどね。{0F}今年も待ちどおしいなぁ。{10}	
05310	MAP/MAP021.BIN:010E04	1	{02}{15}トロバの弾くキタラは、\nとっても楽しいんだ。{0F}ダーツの村も、トロバのキタラを\n聴いているときだけは、\n明るくなるんだけどなぁ。{10}	
05311	MAP/MAP021.BIN:010EBC	1	{02}{15}えっ？\nき、キタラの弦・・・？{0E}	
05312	MAP/MAP021.BIN:010EF8	2	ど、どうだったっけなぁ。{0E}{09}	
05313	MAP/MAP021.BIN:010F13	1	{02}{01}トロバさんに\nここに、あるかもしれないって{0F}聞いてきたんだけど。{0E}{02}{15}よ、よく覚えてないなぁ。\nクロワばあちゃんに聞いてみた？{10}	
05314	MAP/MAP021.BIN:010FC6	1	{02}{15}キタラの弦？{0F}ぼ、ボクは知らないよ・・・。{0F}きっと、クロワばあちゃんが\n知ってると思うよ。{10}	
05315	MAP/MAP021.BIN:01107A	1	{02}{04}なあ、クロワばあさんは{0F}おまえが知ってるって\n言ってるんだがな。{0E}	
05316	MAP/MAP021.BIN:0110EA	2	{02}{15}ゴメン、白状するよ。{0F}この釣り糸が\nキタラの弦なんだ。{0E}	
05317	MAP/MAP021.BIN:011156	1	えーっ？{0E}{02}{15}つ、釣り糸に\nちょうど良かったもんだから{0F}使わせてもらっちゃった・・・。{0E}	
05318	MAP/MAP021.BIN:0111BC	2	{09}\n{02}{01}そんな・・・。\nじゃあキタラの弦は、もうないの？{0E}	
05319	MAP/MAP021.BIN:011202	1	{02}{15}まだ、あったと思うけど。\nちょっと待ってて。{0E}今、見てくるから！{0E}	
05320	MAP/MAP021.BIN:0112D4	2	{09}{0E}{02}{01}ぜんぶ釣り糸になってたら、\nどうしよう。{0E}	
05321	MAP/MAP021.BIN:011326	2	だめだよ、クリス。{0F}悪い方に考えると、\n悪いことを呼び寄せるって{0F}ラップじいさんが\n言ってたじゃないか。{0E}{09}	
05322	MAP/MAP021.BIN:01138D	2	{02}{01}うん・・・そうよね！{0E}	
05323	MAP/MAP021.BIN:0113B4	2	{02}{15}ゴメン。{0E}	
05324	MAP/MAP021.BIN:01141C	1	この１本しか残ってないや。\n大丈夫かなぁ。{0E}	
05325	MAP/MAP021.BIN:01144E	1	ジュリオたちは\nキタラの弦を受け取った。{0E}	
05326	MAP/MAP021.BIN:01148E	2	ありがとう。{0F}とにかくこれをトロバさんの所へ\n持っていってみるよ。{10}	
05327	MAP/MAP021.BIN:01152C	2	{02}{15}その１本しか残ってなかったけど、\n大丈夫かなぁ。{10}	
05328	MAP/MAP021.BIN:011564	2	{02}{15}え～！！\nもう、トロバは帰っちゃったの！？{0F}ちぇっ。聴きのがしちゃったなぁ。{10}	
05329	MAP/MAP021.BIN:0115CA	2	{02}{1A}働く気持ちなんか、\nとっくに消えちまったよ。{0F}隣の町が大きくなればなるほど\nこっちがみすぼらしく思えてくる。\n比べられるのも慣れちまった。{10}	
05330	MAP/MAP021.BIN:011658	2	{02}{1A}短い夢だったな・・・。\nはは。{0F}現実に戻れば、腐臭のする沼と\nこの崩れかけた家・・・。\nしょせん夢なんだ。{10}	
05331	MAP/MAP021.BIN:0116C6	2	{02}{1A}俺は畑を作るぞ。\n種をまいて作物を育てるんだ。{10}	
05332	MAP/MAP021.BIN:011710	2	{02}{1B}なんでダイスはあんなに裕福なのに、このダーツの村は、{0F}こんなに貧乏なんだろうね。{0F}あたしは20年前に来たという魔女が\n呪いをかけたんじゃないかと\nにらんでるんだ。{0F}魔女の呪いをかうようなマネは\n何もしてないのにねぇ。\nまったく、ひどいもんだよ。{10}	
05333	MAP/MAP021.BIN:011804	2	{02}{1B}これも魔女の呪いなのかねぇ・・・。{0F}あたしも、今度はうまくいくと\n思ったのに。{0F}いたた。\nまた足が痛んできたよ。{0E}	
05334	MAP/MAP021.BIN:011878	2	{02}{1B}村に活気があるってのは\nいいもんだねぇ。{10}	
05335	MAP/MAP021.BIN:0118BC	2	{02}{1C}もう、どうでもいいのさ。{0F}俺たちは死ぬまで\nこの村で、ボーッとしてるんだ。\nそれがお似合いなんだよ。{10}	
05336	MAP/MAP021.BIN:011926	2	{02}{1C}君たちは弦が切れたぐらいで\n情けないと思ってるんだろ？{0F}だがね、どん底にいる人間にとってはおおきなショックなんだよ。{10}	
05337	MAP/MAP021.BIN:0119A0	2	{02}{1C}毒沼なんか全部埋めちまって、\nこの村からなくしてやるさ。{10}	
05338	MAP/MAP021.BIN:0119F4	2	{02}{1D}私だってダイスの人たちのように\nキレイな服を着てみたいわ。{0F}でも、無理よね。\nこの村じゃ、１日の生活に\n手いっぱいだもの。{10}	
05339	MAP/MAP021.BIN:011A7C	2	{02}{1D}さっきは、私たちのために{0F}一生懸命になってくれて\nありがとう。{0F}でもね、もうこの村はだめなのよ。\nこういう運命なんだわ。{10}	
05340	MAP/MAP021.BIN:011AF8	2	{02}{1D}あなたたちも、こんな村にいないで\nはやく出発しなさい。{10}	
05341	MAP/MAP021.BIN:011B36	2	{02}{1D}きっと素晴らしい村にしてみせるわ。{10}	
05342	MAP/MAP021.BIN:011B74	2	{02}{1E}こんな土地じゃ麦も育たない。\nおまけに毒沼は年々広がってる。{0F}そのうち川まで濁っちゃうだろう。\nそうすれば、\nいよいよこの村は終わりだ。{0F}お先真っ暗さ。{10}	
05343	MAP/MAP021.BIN:011C10	2	{02}{1E}期待するから失望するんだ。{0F}もう、夢なんか抱かなければ\nガッカリすることもない！\nはは！　そう考えれば気は楽さ。{0F}はははは！{0F}はぁ～あ・・・。{10}	
05344	MAP/MAP021.BIN:011CA2	2	{02}{1E}ありがとう。{0F}あんたたちには\n本当に感謝するよ。{10}	
05345	MAP/MAP021.BIN:011CEC	1	{02}{1F}この村の人は、隣のダイスが\nどんどん発展していくのを見て、{0F}悲観的になってるのよ。{0F}他と比べて落ち込むのは\n悪いことだとは知っているけど、\nもう、どうしようもないの。{0F}働くことにまで嫌気がさして、\n今では生活する気力まで\n消えそうになっているのよ。{10}	
05346	MAP/MAP021.BIN:011DEE	2	{02}{1F}別にトロバさんのせいじゃないわ。{0F}あの人は、私たちには\nもったいないくらい。\n全部、私たちがいけないんだもの。{0F}でもね、そう分かっていても\nどうしようもないの。{0F}なかなか、この生活を変えることは\nできないのよ。{10}	
05347	MAP/MAP021.BIN:011EC6	2	{02}{1F}どうしようもないの。{10}	
05348	MAP/MAP021.BIN:011EE2	2	{02}{1F}さっきはキタラ弾きのトロバさんを\n連れてきてくれてありがとう。{0F}あなた方はダーツの村の恩人よ。{10}	
05349	MAP/MAP021.BIN:011F66	2	あっち行け！{10}	
05350	MAP/MAP021.BIN:011F7A	2	あ～あ。{0F}とちゅうで終わっちゃってガッカリ。１年に１度の楽しみだったのにな。{10}	
05351	MAP/MAP021.BIN:011FD8	2	トロバのおかげで、\nみんなの考え方が変わったわ。{0F}やっと、大人の人たちが\n本気になったみたい。{10}	
05352	MAP/MAP021.BIN:012040	2	やっと、大人の人たちが\n本気になったみたい。{10}	
05353	MAP/MAP021.BIN:012074	2	この前はありがとう。\nあなたたちは友達よ。{10}	
05354	MAP/MAP021.BIN:0120CE	2	あのね。{0F}ここはダーツっていう\nちゃんとした名前があるんだ。{0F}スラムなんて言ったら\nしょうちしないからな。{0E}	
05355	MAP/MAP021.BIN:012148	1	トニカ、\nよそ者と話しちゃダメ！{0E}{02}!うん。{10}	
05356	MAP/MAP021.BIN:012194	2	あのね、ボクね。{0F}いつか、あのダイスの屋敷みたいな\nでっかい家に住みたいな。{10}	
05357	MAP/MAP021.BIN:0121E6	2	ダイスは、まいにち\nお祭りみたいなのに。{0F}ずるいや！{10}	
05358	MAP/MAP021.BIN:012220	2	あのね。おいらが大人になる頃には\nきっとこの村にもダイスみたく{0F}でっかい、お家がいっぱい建つよ。{10}	
05359	MAP/MAP021.BIN:012286	2	あっ！\nこの前のおねえちゃん。{0F}あのね、ボクね。{0F}いつか、あのダイスの屋敷みたいな\nでっかい家に住みたいな。{10}	
05360	MAP/MAP021.BIN:012300	2	わしは、静かに自分の腕を磨きたくてここに来たんだ。{0F}ここの人たちは、活気こそないが\n金が全てと思っている連中とは違う。{0F}きっかけさえあれば、\n素晴らしい人生を\n送れる人たちばかりだ。{0F}このダーツを訪ねてくるくらいだ。\nあんたらも、私利私欲で\n動く人間ではあるまい。{0F}ここ、何年も商売はしていないが\nあんたらになら、\n安心して売れそうだ。{0F}さぁ、遠慮しないで用件を\n言ってくれ。{10}	
05361	MAP/MAP021.BIN:012482	2	おお、あんたらか。\n用件はなんだい。{0F}体は老いても、武器作りに関しては\n老いていないつもりだよ。{10}	
05362	MAP/MAP021.BIN:0124EC	2	あんたらとは商売するが\nくれぐれも、他の町でわしのことを{0F}話さんでくれよ。\nわしは静かに腕を磨きたいのだ。{10}	
05363	MAP/MAP021.BIN:01258A	2	何をお求めかな？{10}	
05364	MAP/MAP021.BIN:0125A2	2	{08}を選んだか。\nそれなら{06}で譲ろう。{10}	
05365	MAP/MAP021.BIN:0125CC	2	このダーツだと\n材料集めに苦労してな。{0F}不用なものはありがたく、\n引き取るよ。{10}	
05366	MAP/MAP021.BIN:012620	2	{08}を売ってくれるか。\nそれなら、{06}で引き取ろう。{10}	
05367	MAP/MAP021.BIN:01265A	2	村がこんなありさまだからな。{0F}１ゴアあたり{06}になっちまうけど、\nどうする？{10}	
05368	MAP/MAP021.BIN:0126AA	2	ありがとよ。\n{06}支払おう。{10}	
05369	MAP/MAP021.BIN:0126CA	2	そうか。{0F}気が向いたら\nいつでも言ってくれよ。{10}	
05370	MAP/MAP021.BIN:0126FE	2	ラピカがないようだな。\nたまったら、いつでもおいで。{10}	
05371	MAP/MAP021.BIN:01273A	2	他に用はないか？{10}	
05372	MAP/MAP021.BIN:012766	2	{02}{13}スマンが\nナップ村長と話があるんじゃ。{0F}もう少し待っててくれんか。{10}	
05373	MAP/MAP021.BIN:0127B0	2	{02}{13}うーん。{0F}ますます活気が\nなくなってしまったのう。{10}	
05374	MAP/MAP021.BIN:0127EA	2	{02}{13}やっと村人たちも\nやる気になったみたいだわい。{0F}ここの毒沼も近いうちに\nレンズ豆畑と生まれ変わるじゃろう。{10}	
05375	MAP/MAP021.BIN:0128EC	2	{02}{14}ボクハ、『水パシャくん』デス。{10}	
05376	MAP/MAP021.BIN:012A08	4	どうしよう・・・。\nどうしよう・・・。{0F}こっちかな・・・。\nあっちかな・・・。{0F}見つからないなあ・・・。{0E}	
05377	MAP/MAP021.BIN:012BC8	4	{09}\n{02}{01}・・・？{0E}	
05378	MAP/MAP021.BIN:012C20	4	{02}{01}あっ、あんなとこに人がいる。{0E}{09}	
05379	MAP/MAP021.BIN:012C7C	4	{09}\n{02}{01}なにしてんのかしら。{0E}	
05380	MAP/MAP021.BIN:012D1E	4	何か探してるの？{0E}	
05381	MAP/MAP021.BIN:012D4C	4	{02}{14}さっき突然、\n魔獣に襲われてしまってね。{0E}	
05382	MAP/MAP021.BIN:012D94	4	大切なキタラを\n川に落としてしまったんだ。{0E}	
05383	MAP/MAP021.BIN:012DDC	4	沈んじゃったかなぁ。{0E}	
05384	MAP/MAP021.BIN:012E10	4	{02}{01}まあ、たいへん。{0E}	
05385	MAP/MAP021.BIN:012E44	4	今、キタラを落としたって言ったけど、もしかしたらオジサン、{0E}	
05386	MAP/MAP021.BIN:012E9C	4	キタラ弾きのトロバさんですか？{0E}	
05387	MAP/MAP021.BIN:012EF4	4	{02}{14}そうだけど。{0F}でも、どうして僕のことを\n知ってるんだい？{0E}{09}{0A}{02}	
05388	MAP/MAP021.BIN:012F31	2	やっぱり、そうだ。{0E}	
05389	MAP/MAP021.BIN:012F58	2	ダーツのみんながさ、\nトロバさんのキタラが聴きたくて、\n首を長くして待っているよ。{0E}{02}{14}えっ、それは光栄だなあ。{0E}	
05390	MAP/MAP021.BIN:012FDA	4	{02}{01}ジュリオ、キタラを探しましょ。\n早く見つけないと、傷んじゃうわ。{0E}	
05391	MAP/MAP021.BIN:01304C	2	そうだね。{0E}{09}	
05392	MAP/MAP021.BIN:013059	2	\n{02}{04}おっしゃー！！{10}	
05393	MAP/MAP021.BIN:013078	2	{09}{09}\n{02}{01}なに言ってんのよ！？{0F}ダーツの人たちが待ってるのよ。{0E}{09}{10}\n{02}{01}さあ、探すわよ！{0E}{09}	
05394	MAP/MAP021.BIN:0130C9	2	\n{02}{04}ジュリオ・・・。\n立場弱いんだな・・・。{0E}{09}\n\n{02}	
05395	MAP/MAP021.BIN:0130F9	2	ちぇー。{10}	
05396	MAP/MAP021.BIN:0136C7	2	やっぱり、そうだ。{0F}ダーツのみんながさ、\nトロバさんのキタラが聴きたくて、\n首を長くして待っているよ。{0E}{02}{14}えっ、それは光栄だなあ。{0E}	
05397	MAP/MAP021.BIN:013918	2	{09}\n{02}{01}こっちに行ったら\nダイスに帰っちゃうわ。{10}	
05398	MAP/MAP021.BIN:0139BA	2	{02}{01}ジュリオ。{0F}ダイスに戻る前に\nルーレおじいさんのところへ\n行きましょ。{10}	
05399	MAP/MAP021.BIN:013A76	4	{02}{01}トロバさんの荷物を\n探してあげましょ。{10}	
05400	MAP/MAP021.BIN:013C6C	2	うーん、このへんには\nないみたいだなぁ。{10}	
05401	MAP/MAP021.BIN:013CBC	2	{02}{01}ねえ、ジュリオ。\nもっと川上を探してみましょう。{10}	
05402	MAP/MAP021.BIN:013D12	2	{02}{04}おかしいな。\n下まで流されちまったのかなぁ。{10}	
05403	MAP/MAP021.BIN:013D6C	2	ん？\n	
05404	MAP/MAP021.BIN:013D7C	2	あった、あった！{0E}	
05405	MAP/MAP021.BIN:013D94	2	ジュリオたちはキタラを見つけた！{0E}	
05406	MAP/MAP021.BIN:013DF4	2	{02}{01}だいぶ濡れちゃってるわ。\nキタラは大丈夫かしら。{0E}{09}	
05407	MAP/MAP021.BIN:013E2A	2	はやく教えてあげようよ。{0E}	
05408	MAP/MAP021.BIN:013EBE	2	トロバさん！\n見つかったよ。{0E}	
05409	MAP/MAP021.BIN:013F0A	2	はい、これでしょ。{0E}	
05410	MAP/MAP021.BIN:013F34	2	ジュリオはキタラをトロバに渡した。{0E}{02}{14}ありがとう、助かったよ。{0E}	
05411	MAP/MAP021.BIN:013F7A	2	トロバはキタラを念入りに調べた。{0F}川の水に\n濡れてしまった木製のキタラは\n水をふくんで重たくなっていたが、{0F}少し乾かしておけば\n異常なく使えそうだ。{0E}	
05412	MAP/MAP021.BIN:01401E	2	{09}\n{02}{01}こわれてない？{0E}{02}{14}うん、大丈夫そうだ。{0F}弦が濡れたのが少し心配だけど、\n乾けば平気だと思うよ。{0E}{09}{0A}{02}{01}よかった。{0E}{02}{14}それにしてもうれしいなぁ。{0F}僕のことをダーツの人たちが\n待っていてくれるなんて。{0F}毎年よっているんだけど、\nあの村の人たちは\n何だか沈みがちだろ。{0F}せめて僕のキタラを聴いて、\n明るい気持ちになって\nもらえればと思っていたんだ。{0E}{09}{0A}{02}	
05413	MAP/MAP021.BIN:01416E	2	じゃあ、さっそく行こうよ。\nみんな待ってるよ。{0E}{02}{14}うん、そうしよう。{10}	
05414	MAP/MAP021.BIN:0141D0	2	東　ダーツ　　　　　４５７ミロ\n足元に注意{10}	
05415	MAP/MAP021.BIN:014252	4	トロバさん！{0E}	
05416	MAP/MAP021.BIN:01427A	4	クロワばあさんのところに\n弦が１本だけあったよ！{0E}	
05417	MAP/MAP021.BIN:0142C6	2	{02}{14}もう・・・いいんです。\n僕にはできません。{0E}{09}{0E}{02}{01}どうして！？{0F}みんな、トロバさんの演奏を\n待ってるのよ！{0E}{02}{14}・・・怖いんです。{0F}また弦が切れたら、\nダーツの人々は、立ち直れない。{0E}	
05418	MAP/MAP021.BIN:0143A8	8	{02}{04}あまったれるな！！{0F}切れたら、\nやり直せばいいじゃないか！{0F}みんなが立ち直るまで、\n何度でも弾けばいい！！{0F}ここがダーツの村なんだ！\nここを建て直すしかないじゃないか！・・・みんなが暮らしている。{0F}それだけで立派な村なんだ！{0E}	
05419	MAP/MAP021.BIN:014492	8	{09}{0E}{02}{01}ローディさんはね・・・、{0E}	
05420	MAP/MAP021.BIN:0144CC	8	{02}{04}余計なことは言うな。{0E}	
05421	MAP/MAP021.BIN:014500	8	{09}{0F}{02}{01}ううん、言わせて！{0E}	
05422	MAP/MAP021.BIN:014528	8	ローディさんはネガル島の人なの。{0E}	
05423	MAP/MAP021.BIN:014568	8	{02}{17}ネガル島の噂は\n聞いております・・・。{0E}	
05424	MAP/MAP021.BIN:01461A	8	トロバさん。\nもう１度お願いします。{0F}この村は\nガルガに壊されたわけじゃない。{0F}全ては１人１人の気持ちの問題。\nどうか、力を与えてくだされ。{0E}	
05425	MAP/MAP021.BIN:0146E8	4	{02}{14}・・・・・・。{0E}{02}{14}僕が・・・{0E}{02}{14}僕が弱気じゃいけませんよね。{0E}	
05426	MAP/MAP021.BIN:014740	4	弦を貸してください。{0E}	
05427	MAP/MAP021.BIN:01476E	8	{02}{01}トロバさん！{0E}{09}{0A}{02}	
05428	MAP/MAP021.BIN:014781	8	やったぁ！{0E}	
05429	MAP/MAP021.BIN:014794	8	トロバは慣れた手つきで\n弦を張り替えた。{0E}{02}{14}どうもありがとう、みなさん。{0F}もう１度・・・いえ、\n村のみんなが立ち直るまで\n弾き続けます。{0E}	
05430	MAP/MAP021.BIN:014966	4	トロバさん！{0F}クロワばあさんのところに\n弦が１本だけあったよ！{0E}	
05431	MAP/MAP021.BIN:0149BE	6	{02}{14}もう・・・いいんです。\n僕にはできません。{0E}{09}\n{02}{01}どうして！？{0F}みんな、トロバさんの演奏を\n待ってるのよ！{0E}{02}{14}・・・怖いんです。{0F}また弦が切れたら、\nダーツの人々は、立ち直れない。{0E}	
05432	MAP/MAP021.BIN:014DEE	4	{02}{14}・・・・・・。{0E}{02}{14}僕が・・・{0E}	
05433	MAP/MAP021.BIN:014E2C	4	{02}{14}僕が弱気じゃいけませんよね。{0E}	
05434	MAP/MAP021.BIN:014E5C	4	弦を貸してください。{0E}{09}	
05435	MAP/MAP021.BIN:015EA2	2	トロバは１、２度弦をつまびくと\n夢中でキタラを奏ではじめた。{0E}	
05436	MAP/MAP021.BIN:015EEA	2	{02}{18}トロバァ～！！{0E}	
05437	MAP/MAP021.BIN:015FBA	2	{02}{14}心配かけたね、アンジー。{0F}もう僕は大丈夫だよ。\nさあ、得意の踊りを見せておくれ。{0E}{02}{18}うん！{0E}	
05438	MAP/MAP021.BIN:016C3E	2	{02}{17}すばらしい演奏じゃった。\nノリノリじゃったぞ！{0E}	
05439	MAP/MAP021.BIN:016CA8	2	のう、村の皆よ。{0F}これで今日から頑張れるな！{0E}	
05440	MAP/MAP021.BIN:016CE8	2	{02}{1C}ああ。{0F}もうスラムなんて\n呼ばせるもんか！{0E}	
05441	MAP/MAP021.BIN:016D34	2	{02}{1F}もちろんよ！{0E}	
05442	MAP/MAP021.BIN:016D64	2	{02}{1B}足も完全に治ったわい！{0E}	
05443	MAP/MAP021.BIN:016D90	2	{02}{1A}トロバ！\n最高だったぞ！{0E}{02}{14}・・・よかった。\n本当によかった。{0E}	
05444	MAP/MAP021.BIN:016DE2	1	\n\n\n\n\n　　　　　　　　　トロバの演奏で\n　　　　　気力を取り戻したダーツの人たち。\n　　　　　　この場に居合わせた人々は\n　　みんな何年後かのダーツに思いを馳せていた。\n	
05445	MAP/MAP021.BIN:017084	1	{02}{18}トロバァー！{0E}	
05446	MAP/MAP021.BIN:01714E	1	また、キタラを聴かせてくれるの？{0E}{02}{14}もちろんさ。\nそのために来たんだからね。{0E}	
05447	MAP/MAP021.BIN:017232	1	{02}{18}やったぁ～！！{0E}	
05448	MAP/MAP021.BIN:017352	1	{02}{14}おいおい、アンジー。\n目が回っちゃうよ。{0E}{02}{18}だぁって、うれしいんだもん。{0F}そうだ！\nみんなにおしえなきゃ！{0E}	
05449	MAP/MAP021.BIN:0173D4	1	{02}{01}トロバさん。{0E}	
05450	MAP/MAP021.BIN:017402	1	本当にみんな、\nトロバさんを待ってたのね。{0E}	
05451	MAP/MAP021.BIN:01744C	1	吟遊詩人が来るのは\nすっごく、うれしいよね。{0E}	
05452	MAP/MAP021.BIN:0174B4	1	{02}{14}なんだか照れてしまうなー。{0E}	
05453	MAP/MAP021.BIN:0174D8	1	{02}{19}あっ、キタラ弾きじゃ。\n「キタラ弾きが来たら！」{0E}	
05454	MAP/MAP021.BIN:017536	1	{02}{14}シトラじいさん、相変わらずだね。\nそのダジャレ。{0E}{09}\n{02}	
05455	MAP/MAP021.BIN:01756C	1	ダジャレ？{0E}	
05456	MAP/MAP021.BIN:0175BE	1	{02}{04}「キタラ」と「来たら」を\nかけたのさ。{0E}	
05457	MAP/MAP021.BIN:017650	1	はははっ！\nすっごく面白いよ！{0E}	
05458	MAP/MAP021.BIN:0176A0	1	{09}{08}{02}{01}・・・ほんと？{0E}	
05459	MAP/MAP021.BIN:0176BE	1	{02}{1A}おおっ！\nトロバじゃないか！{0E}	
05460	MAP/MAP021.BIN:01771E	1	ほんとに来たんだな！{0E}{02}{14}プレインさんも、元気そうで！{0E}	
05461	MAP/MAP021.BIN:017766	1	{02}{1A}あんたが来てくれれば\nすぐに元気にならぁ！{0E}	
05462	MAP/MAP021.BIN:01779E	1	{02}{1B}こら！{0E}	
05463	MAP/MAP021.BIN:0177B8	1	ずいぶんと、ごぶさたじゃないか！{0E}{02}{14}リグレおばあさん。\n足の具合はどうですか？{0E}	
05464	MAP/MAP021.BIN:017814	1	{02}{1B}はやく、あんたのキタラを\n聴かせておくれ。{0F}そうすれば、治っちまうよ。{0E}{02}{14}はい、がんばります。{0E}	
05465	MAP/MAP021.BIN:017896	1	{02}{14}ナップ村長、お久しぶりです。{0E}{02}{17}よく、来てくれました。{0F}あなたの来てくれるのを\n心待ちにしておりました。{0E}{02}{14}いえ、とんでもありません。{0F}僕が来るのを\n楽しみにして頂いてたなんて{0F}キタラ弾きとして\n本当にうれしいことです。{0E}	
05466	MAP/MAP021.BIN:017988	1	{02}{17}あんたたちが\n呼んできてくれたのかい？{0E}{09}	
05467	MAP/MAP021.BIN:0179B4	1	えっ？\nちがうよ、偶然なんだ。{0E}{09}	
05468	MAP/MAP021.BIN:0179D4	1	{02}{01}途中の道で\nばったり会ったの。{0E}{02}{17}そうか、そうか。\n本当にありがとうよ。{0E}	
05469	MAP/MAP021.BIN:017A38	1	{02}{1A}村長！\n早いとこ、トロバに弾かせてくれ！{0E}	
05470	MAP/MAP021.BIN:017A7E	1	{02}{17}まぁ、そう急くな。\nすぐに皆がそろうじゃろうて。{0E}	
05471	MAP/MAP021.BIN:017AB8	1	{02}{18}トロバァ～。{0E}	
05472	MAP/MAP021.BIN:017AEC	1	{02}{18}みんなにおしえてきちゃった。{0E}	
