#영상	시작(초)	끝(초)	원문(사용자 받아쓰기 my files/할일/무비.txt)	번역(«\n» = 다음 자막)	비고
M01	0	2	あっ、やってるやってる!	앗, 하고 있다 하고 있어!
M01	3	6	へぇ~、きれいな人だね、ジュリオ。	와~ 예쁜 사람이네, 줄리오.
M01	6	7	うん。	응.
M01	9	12	あれ?村長さんまで来てるよ。	어라? 촌장님까지 와 계셔.
M01	13	15	しょうがないなぁ、もう。	정말 못 말린다니까.
M01	15	19	議員の探検の授与式はどうなっちゃうんだろう。	은 단검 수여식은 어떻게 되는 걸까?	받아쓰기 «議員の探検» → 銀の短剣
M01	19	22	さてみなさん、お待たせしました。	자, 여러분 오래 기다리셨습니다.
M01	22	26	私が一番お気に入りのバラッドを歌います。	제가 가장 좋아하는 발라드를 부르겠습니다.
M01	27	29	お聴きください。	들어 주세요.
M01	29	34	おい、シャーラ!見ろ見ろ!銀の探検は手に入れたぞ!	어이, 샤라! 이거 봐!\n은 단검을 손에 넣었다고!	探検 → 短剣
M01	34	37	え?銀の探検だって?	뭐? 은 단검이라고?
M01	37	40	それって、あたしたちが持って行くはずの?	그거 우리가 가져가기로 한 거잖아?
M01	41	46	この当変木!何のためにあたしが村の連中を引きつけてたと思ってんのよ!	이 멍청이!\n내가 뭐 하러 마을 사람들 눈을 끌고 있었는지 알아?!	当変木 → 唐変木
M01	53	55	逃げるんだよ!	도망쳐!
M01	59	61	じいさん、何ぼうとつ立てんのさ!	할아범, 뭘 멍하니 서 있어!
M01	61	63	だから早く逃げないと!	그러니까 빨리 도망쳐야지!
M01	63	65	暴れよじいさん!	잘 있어, 할아범!	⚠ «暴れよ» → あばよ 추정
M01	69	71	やれやれ	이런, 이런
M01	71	73	人騒がせな連中じゃのう	소란스러운 녀석들이로구먼
M01	73	75	おい!	어이!
M01	75	77	忘れもんじゃぞーい!	물건 두고 갔다~!
M01	77	79	待てー!	거기 서~!
M01	81	83	どうしたんじゃ?血相変えて	무슨 일인가? 얼굴이 새파래져서는
M01	83	85	いやいや、ラップじいさんそれは	아니, 저기 랩 할아범 그건…
M01	85	87	いや、実はな	아니, 실은 말이야
M01	87	89	あの若造の隙を見て	그 애송이 틈을 노려서
M01	89	91	とっさに奪い取っておいたんじゃよ	재빨리 빼앗아 두었지
M01	91	93	追いかかってきた若造の胸ぐらをこう	쫓아온 애송이 멱살을 이렇게
M01	93	95	むんずとつかんでたな	덥석 움켜쥐고 말이야
M01	95	97	背負い投げ一戦	업어치기 한 방!	一戦 → 一閃
M01	97	99	ちぎっては投げ	붙잡아선 던지고
M01	99	101	ちぎっては投げ	붙잡아선 던지고
M01	101	103	そこへとどめの一撃をくらわせて	거기에 결정타를 먹이고
M01	103	105	さらに仕上げの一発	마무리로 한 방 더
M01	109	111	ジュリオ、クリスチーナ	줄리오, 크리스티나
M01	111	113	二人をラグピック村村長の名において	두 사람을 라그픽 마을 촌장의 이름으로
M01	113	115	聖人の儀式である	성인 의식인	聖人 → 成人
M01	115	117	巡礼の旅に送り出すものとする	순례 여행에 떠나보내노라
M01	117	119	風が息吹を届け	바람이 숨결을 전하고
M01	119	121	炎が体を温めてくれるように	불꽃이 몸을 데워 주기를
M01	121	123	大地が一日の糧を	대지가 하루의 양식을
M01	123	125	水が疲れを癒してくれるように	물이 피로를 풀어 주기를
M01	125	127	そして二人の行いを	그리고 두 사람의 행실을
M01	127	129	空が微笑みで見守ってくれるように	하늘이 미소로 지켜봐 주기를
M01	129	131	ここに銀の探検を授与する	여기 은 단검을 수여하노라	探検 → 短剣
M01	153	155	行ってきます	다녀오겠습니다
M04	0	14	さて、これからどうしたものか。お金は1ピアもないし、モリスンともはぐれてしまったし。	자, 이제 어떻게 한다?\n돈은 1피아도 없고 모리슨하고도 떨어져 버렸고.
M04	19	23	なんだ、そなたたちは!いつからそこにおったのだ!	뭐냐, 그대들은!\n언제부터 거기 있었던 게냐!
M05	4	12.92	人の荷物に手を出すからこうなるんだ 浜に上がった途端出てくるとはずる賢い魔獣だぜ	남의 짐에 손을 대니까 이렇게 되는 거야.\n해변에 오르자마자 나타나다니 교활한 마수로군.
M06	0	2	これだけ頼んでるのにダメか?	이렇게까지 부탁하는데도 안 되나?
M06	2	4	ダメなもんはダメなの!	안 되는 건 안 돼요!
M06	4	7	どうしてもワシを通せんというのだな!	끝까지 나를 못 지나가게 하겠다는 거로군!
M06	7	9	ダメったらダメ!	안 된다면 안 돼요!
M06	9	13	ちょっとあんた!どうして通してあげないのよ!	잠깐, 당신!\n왜 안 보내 주는 거예요!
M07	0	4	あんたたちには せわになったな	자네들한테 신세를 졌구먼
M07	4	9	ううん ルーレ爺さんには やさしい きもちをおとわったもな	아니에요. 루레 할아범한테 다정한 마음을 배웠는걸요.	⚠ «おとわったもな» → 教わったもん 추정
M07	9	11	ルーレ爺さんは すごいひとだよ	루레 할아범은 대단한 사람이야.
M07	11	14	キャプテントーマスの つぎに さんけいしちゃうな	캡틴 토머스 다음으로 존경해!	さんけい → 尊敬
M07	14	17	なになに けれるの	뭘, 쑥스럽구먼.	⚠ «けれるの» → 照れるのう 추정
M07	17	21	かしはまた うるさいまごのいる トゥエールに もどるたつるや	나는 다시 시끄러운 손주가 있는 튀에르로 돌아가려네.	⚠ わしはまた…テュエールに戻るつもりじゃ 추정
M07	21	24	おい トーマス	어이, 토머스.
M07	24	27	気をつけていけよ	조심해서 가게.
M07	27	36	ラムーン わしは みかけもの おいては おらんぞ	라몬, 나는 보기만큼 늙지 않았다네.	⚠ ラムーン → ラモン(해적왕) · «みかけもの おいては» → 見かけほど老いては 추정
M07	36	39	トーマス? ラムーン?	토머스? 라몬?	⚠ ラモン 추정
M07	39	43	ま さっかな	설마…
M07	50	53	じゃねー 元気でねー	잘 있어요~ 건강하세요~
M07	53	55	またー	또 봐요~
M07	55	59	おい しゃねーなー	어이, 거참 어쩔 수 없구먼.	⚠ «しゃねーなー» → しょうがねえなあ 추정
M08	0	5	はぁ… 結局僕がエサか…	하아… 결국 내가 미끼인가…
M08	20	23	クリスは本当にチャッペルの子か?	크리스는 정말 차펠의 아이야?
M08	23	25	さぁ!	글쎄!
M08	25	52.88	えらいぞ少年 すごい勇気だ 頑張ったな	장하다, 소년. 대단한 용기다.\n잘 버텼어.
M08	52.88	61.28	ジュリオ君 君の勇気近くを見届けたぞ	줄리오 군. 자네의 용기 똑똑히 지켜보았네.	⚠ «近く» → しかと 추정
M08	61.28	70.96	ガルダ これがお前の意思であることは	가르가. 이것이 네 뜻이 아니라는 것은	⚠ ガルダ → ガルガ · «であることは» 는 뒤 줄과 이어 보면 でないことは 로 추정
M08	70.96	77.56	私にも分かっている その答えを今教えてもらう	나도 알고 있다.\n그 답을 지금 듣도록 하지.
M08	77.56	87	だいちよ ガルガの大炉を叱れ	대지여, 가르가의 퇴로를 끊어라!	⚠ «大炉を叱れ» → 退路を断て 추정
M08	87	99.44	よし これでガルガは逃げられない	좋아. 이제 가르가는 도망칠 수 없다.
M11	0.05	6.05	フフフ… フフフ… バンバンたら スグッタイヨ!	후후후… 후후후…\n밤밤도 참, 간지러워!	スグッタイ → くすぐったい
M11	6.05	8.05	バンバーン!	밤밤!
M11	12.05	13.05	あら?	어머?
M11	13.05	14.05	バンバーン!	밤밤!
M11	14.05	16.05	お客様ですね?	손님이시군요?
M11	16.05	20.05	ようこそおいで下さいました! わたくし、フィリーです!	어서 오세요!\n저는 필리예요!
M11	20.05	23.05	あ、こんにちは! 僕、ジュリアです!	아, 안녕하세요! 저는 줄리오예요!	ジュリア → ジュリオ
M11	23.05	28.05	何あがってんだよ? 美女ならもう見慣れてるだろう?	뭘 그렇게 긴장해?\n미녀라면 이미 실컷 봤잖아?
M11	28.05	30.05	え? どこどこ?	응? 어디 어디?
M11	30.05	33.05	フフフ… 楽しい方たち!	후후후… 재미있는 분들!
M11	33.05	37.05	さあどうぞ! お家の中にいらして下さい!	자, 어서요! 집 안으로 들어오세요!
M13	0	4	ジュリオさん、お名残惜しいですが、ここでお別れです。	줄리오 씨, 아쉽지만 여기서 작별이에요.
M13	4	6	ぱんぱーん。	밤밤!	ぱんぱーん → バンバーン(본편 «밤밤»)
M13	6	11	うん。リリーも元気でね。色々助けてくれてありがとう。	응. 필리도 잘 지내.\n여러모로 도와줘서 고마워.	リリー → フィリー
M13	11	15	いえ、とんでもありませんわ。ジュリオさんのためなら。	아뇨, 천만에요. 줄리오 씨를 위해서라면요.
M13	15	17	ぱんぱーん。	밤밤!
M13	17	20	クリスさん?	크리스 씨?
M13	20	24	あ、あまりジュリオさんと喧嘩なさらないでくださいね。	줄리오 씨랑 너무 싸우지 마세요.
M13	24	26	たった二人のためなら。	단둘이 하는 여행이니까요.	⚠ «たった二人のためなら» → たった二人の旅なんですから 추정
M13	26	30	ぱんぱーん。	밤밤!
M13	30	33	私クリスさんが羨ましいですわ。	저, 크리스 씨가 부러워요.
M13	33	36	ジュリオさんと一緒に旅ができて。	줄리오 씨와 함께 여행할 수 있어서.
M13	36	41	リリー、あの、私まだあなたにお礼を言ってなかったわ。	필리, 저기… 나 아직 너한테 고맙다는 말을 못 했어.	リリー → フィリー
M13	41	45	お礼なんて言われたら困ってしまいますわ。	고맙다는 말을 들으면 곤란해요.
M13	45	48	では、私はここで失礼します。	그럼, 저는 이만 가 볼게요.
M13	48	51	ジュリオさんもお別れです。	줄리오 씨도 안녕히.	⚠ 받아쓰기 중복 의심(앞뒤 줄 반복)
M13	51	56	では、私はここで失礼します。	그럼, 저는 이만 가 볼게요.	⚠ 받아쓰기 중복 의심
M13	56	58	ジュリオさんもクリスさんもお元気で。	줄리오 씨도 크리스 씨도 건강하세요.
M13	58	64	こちらに来ることがあったら、必ず寄ってくださいね。	이쪽에 올 일이 있으면 꼭 들러 주세요.
M13	64	67	絶対寄るからね。	꼭 들를게!
M13	67	69	またね。	또 봐.
M13	69	77	さようなら。ぱんぱーん。	안녕히 계세요.\n밤밤!
M13	77	81	フィリーっていい子だったわね。	필리 좋은 애였지.
M13	81	86	フィリーってジュリオのこと好きだったんじゃないかしら。	필리, 줄리오를 좋아했던 거 아닐까?
M13	86	88	ジュリオ。	줄리오.
M13	88	90	ジュリオ!	줄리오!
M13	90	93	なんだよ、もう。びっくりしたな。	뭐야, 정말. 깜짝 놀랐잖아.
M13	93	96	行くわよ、トルティアへ。	가자, 포르티아로.	トルティア → フォルティア
M13	96	100	それでなくても寄り道しちゃったんだから。	안 그래도 한참 돌아왔으니까.
M13	100	102	何怒ってんだよ。	왜 화를 내고 그래.
M13	102	106	さっきフィリーが喧嘩しないでねって言ったばかりじゃないか。	방금 필리가 싸우지 말라고 했잖아.
M13	106	109	クリスってちょうがシャーラに似てきたみたい。	크리스, 점점 샤라를 닮아 가는 것 같아.	⚠ «ちょうが» 불명 — 似てきた 로 번역
M13	109	112	え?なんだって?	뭐? 뭐라고?
M13	112	114	なんでもないよ。	아무것도 아니야.
M14	0	4	ここがバラカの町ね。	여기가 바라카 마을이구나.
M14	4	6	平和そうな町だね。	평화로워 보이는 마을이네.
M14	6	12	厳しい砂漠の中でも、人々は町を作ってたくましく生きているのね。	혹독한 사막에서도\n사람들은 마을을 이루고 꿋꿋하게 살고 있구나.
M14	14	16	ごめんよ!	미안!
M14	17	20	何急いでるんだろう、あの人。	저 사람 뭘 저렇게 서두르지?
M15	10	13.88	「誰だ? 俺に何か用か?」	누구냐? 나한테 무슨 볼일이라도 있나?
M16	0	14.04	すべては22年前に始まった 一人の美しい女がルドルフォー	모든 것은 22년 전에 시작되었다.\n한 아름다운 여자가 루돌프 왕 앞에 나타났다.	ルドルフォー → ルドルフ王 (받아쓰기 끊김 — 문장 단위로 다시 나눔)
M16	14.04	17.84	王の前に現れた 女の名はイザベル	여자의 이름은 이자벨.
M16	17.84	24.22	王はその女の怪しい美しさの虜 になってしまったのだ	왕은 그 여자의 요염한 아름다움에 사로잡혀 버린 것이다.
M16	24.22	31.94	間もなく女は王妃となった 王妃の希望で城内に天儀室が作られる	머지않아 여자는 왕비가 되었다.\n왕비의 바람으로 성 안에 천의실을 짓게 되었고
M16	31.94	35.54	ことになり 先世術師としてレバスが呼ばれた	점성술사로 레바스가 불려 왔다.	先世術師 → 占星術師
M16	35.54	42.42	ちょうどその頃だ 白き魔女ゲルドの噂が流れ始めた	바로 그 무렵이다.\n하얀 마녀 게르드의 소문이 돌기 시작한 것은.
M16	42.42	51.9	のだ ゲルドは魔女という言葉の響き からは想像もつかない 美しい銀色の髪をした透き通った	게르드는 마녀라는 말의 울림으로는 상상도 못 할\n아름다운 은빛 머리칼의
M16	51.9	58.38	泉のような娘だった 俺はゲルドを捕らえるよう命じられた	맑은 샘물 같은 아가씨였다.\n나는 게르드를 붙잡으라는 명을 받았지만
M16	58.38	65.24	が始めから気が進まなかった ゲルドに会い話を聞いて彼女を	처음부터 내키지 않았다.\n게르드를 만나 이야기를 듣고
M16	65.24	73.34	信じ巡礼の旅を見守ることにした 白き魔女は旅をしながら様々な	그녀를 믿고 순례 여행을 지켜보기로 했다.\n하얀 마녀는 여행하며
M16	73.34	78.32	言葉を残した 無論魔法が人々の力となる前の	여러 말을 남겼다.\n물론 마법이 사람들의 힘이 되기 전의
M16	78.32	82.46	話だ 全ての人々が白き魔女の言葉を	이야기다.\n모든 사람이 하얀 마녀의 말을
M16	82.46	89.38	素直に受け入れるはずもなかった それでも彼女はその意味を理解せ	순순히 받아들일 리 없었다.\n그래도 그녀는 그 뜻을 이해하지 못하는
M16	89.38	97.14	ぬ人々のために旅をし自らを危険 に晒す巡礼を続けた	사람들을 위해 여행하며\n스스로를 위험에 내모는 순례를 계속했다.
M16	97.14	105.1	ある晩ゲルドは俺に語ってくれた この世界は大きな波に飲まれる	어느 날 밤 게르드는 내게 말해 주었다.\n「이 세계는 거대한 파도에 삼켜질
M16	105.1	111.06	運命にあります 今の私はそれを止めることはでき	운명입니다.\n지금의 저로서는 그것을 막을 수
M16	111.06	115.06	ない そして私の旅ももうすぐ終わる	없습니다.\n그리고 제 여행도 이제 곧 끝나겠지요.」
M16	128.66	133.16	(レン) とっ… うっ… うっ… あっ…	윽… 으윽… 아…	(レン) = 받아쓰기 화자 표시, 뺌
M16	139.06	140.56	(レン) アーッ!	아악!
M16	143.86	146.06	(レン) あっ… ゲルド!	앗… 게르드!
M17	0	2	み、見て! セレナ!	저, 저것 봐!	⚠ «セレナ» 본편에 없는 이름 — 뺌
M17	3	4	これが、まさか!	이게 설마!
M17	5	6	ラウアールの波!	라우아르의 파도!
M17	6	7	イザベル王妃!	이자벨 왕비!
M17	8	11	ご覧なさい! もうそこまで来ています!	보세요! 벌써 저기까지 와 있어요!
M17	19	24	罪もない世界を犠牲にしてまで、 自らの世界を守りたいのか!	죄 없는 세계를 희생시키면서까지\n자기 세계를 지키고 싶은 건가!
M17	25	30	罪もない世界? それはあなた方が知らないだけ。	죄 없는 세계?\n그건 당신들이 모를 뿐.
M17	31	35	あなた方にも、いえ、 この世界にも罪はあるのです。	당신들에게도… 아니 이 세계에도 죄는 있어요.
M17	36	42	罪って何よ! 自分たちの世界で生み出してしまった ラウアールの波を連れてきて、随分勝手じゃない!	죄라니 뭐가요!\n자기들 세계에서 만들어 낸 라우아르의 파도를 끌고 와 놓고\n너무 제멋대로잖아요!
M17	43	46	聞かせてください! 私たちの罪を!	들려주세요! 우리의 죄를!
M17	47	50	それが、この世界を滅ぼすに値するほどのものならば!	그것이 이 세계를 멸망시킬 만한 것이라면!
M17	51	55	今さら、あなた方に恨み事を言っても仕方ありません。	이제 와서 당신들에게 원망을 늘어놔도 소용없지요.
M17	57	61	その代わり、あなた方には希望を差し上げます。	그 대신 당신들에게는 희망을 드리겠어요.
M17	62	66	今、ラウアールの波は、私の術によって引き寄せられています。	지금 라우아르의 파도는\n제 술법으로 끌려오고 있어요.
M17	67	73	私を倒せば、術はその瞬間に解かれ、 引き寄せる力もなくなります。	저를 쓰러뜨리면 그 순간 술법이 풀려\n끌어당기는 힘도 사라지지요.
M17	74	77	僕たちに勝てば、ラウアールの波はここには来ないのか?	우리가 이기면 라우아르의 파도는 여기 오지 않는 건가?	僕たちに → 僕たちが
M17	78	81	止まる可能性があるというだけの事です。	멈출 가능성이 있다는 것뿐이에요.
M17	82	84	その可能性に賭けますか?	그 가능성에 걸겠어요?
M17	91	92	僕を…	나는…	僕を → 僕は
M17	95	99	その可能性に賭ける! 私も! やりましょう!	그 가능성에 걸겠어!\n나도!\n해 봅시다!
M17	100	102	可能性に賭けるのはいつもの事。	가능성에 거는 건 늘 하던 일이지.
M17	103	107	これまでのような甘い戦いでは済みませんよ。	지금까지처럼 만만한 싸움으로는 끝나지 않을 거예요.
M18	0	6	そうよ! きっと方法があるわ! だってそうじゃなくちゃう!	그래! 분명 방법이 있을 거야!\n그렇지 않으면…
M18	6	10	そうじゃなくちゃ! 私たちがここまで来た意味がないわ!	그렇지 않으면 우리가 여기까지 온 의미가 없어!
M18	10	13	諦めてたまるもんですか!	포기할 줄 알고!
M18	13	16	あたしたちがここまで来て意味がないわ!	우리가 여기까지 온 의미가 없어!	⚠ 받아쓰기 중복 의심
M18	16	19	諦めてたまるもんですか!	포기할 줄 알고!	⚠ 받아쓰기 중복 의심
M18	47	48	ゲルド!	게르드!
M18	49	50	あれは…	저건…
M18	50	51	ゲルドなの…	게르드야…?
M18	52	53	白き魔女…	하얀 마녀…
M18	54	55	ゲルド…	게르드…
M18	56	57	ゲルドは…	게르드는…
M18	58	61	いつもあたしたちと一緒にいたのね	늘 우리와 함께 있었구나.
M18	66	68	一体何をしよってんだ	대체 뭘 하려는 거지?
M18	68	71	ラファールの波と同化しようとしているんだ	라우아르의 파도와 하나가 되려는 거야.	ラファール → ラウアール
M18	71	72	そうだよ	그래.
M18	73	77	少年から生まれた怪物を無に返す手段は…	소년에게서 태어난 괴물을 무로 돌려보낼 방법은…	⚠ «少年から» 불명(받아쓰기 그대로 번역)
M18	78	84	もはやゲルド自らの魂で消滅させるより他にございません	이제는 게르드 스스로의 영혼으로 소멸시키는 수밖에 없습니다.
M18	85	86	なぜ…	어째서…
M18	87	88	なぜだ	어째서냐…
M18	89	92	なぜそこまでお前は優しくなれる	어째서 너는 그렇게까지 다정할 수 있는 거냐.
M18	92	95	肉体を捧げそしてまた魂を捧げ	육체를 바치고 이제 영혼까지 바치다니…
M18	96	100	この世界がお前に何をしてくれたというのだ	이 세계가 너에게 무엇을 해 주었단 말이냐.
M18	101	104	私…分かるような気がする	나… 알 것 같아.
M18	105	111	きっとこの世界とか異界とか分けて考えちゃいけないのよ	분명 이 세계니 이계니 나눠서 생각하면 안 되는 거야.
M18	112	113	そうだ	그래.
M18	113	115	どちらかが助かればいいなんて	어느 한쪽만 살면 된다니
M18	115	118	そんな解決の仕方間違ってるんだ	그런 해결 방식은 틀린 거야.
M18	120	124	ゲルドはこの最後のチャンスを信じていたのよ	게르드는 이 마지막 기회를 믿고 있었던 거야.
M18	124	128	君はこの最後のチャンスを信じていたのよ	너는 이 마지막 기회를 믿고 있었구나.	⚠ 받아쓰기 중복 의심
