#번호	위치	자리(끝 00 포함)	포인터 수	원문	기존 번역
B0001	001B8C	8	1	ルーレ	루레
B0002	001B94	12	1	デュルゼル	뒤르젤
B0003	001BA0	11	1	バンバン	반반
B0004	001BAC	11	1	バダット	바다트
B0005	001BB8	8	1	ステラ	스텔라
B0006	001BC0	12	1	ジョアンナ	조안나
B0007	001BCC	11	1	モリスン	모리슨
B0008	001BD8	8	1	アルフ	알프
B0009	001BE0	11	1	フィリー	필리
B0010	001BEC	11	1	ローディ	로디
B0011	001BF8	8	1	グース	구스
B0012	001C00	11	1	シャーラ	샤라
B0013	001C0C	8	1	クリス	크리스
B0014	001C14	11	1	ジュリオ	줄리오
B0015	001C20	28	1	最終章　　～やさしき魔女～	
B0016	001C3C	28	1	第７章　　～巡礼者の軌跡～	제７장　　～순례자의 궤적～
B0017	001C58	28	1	第６章　　～動き出す予言～	제６장　　～움직이는 예언～
B0018	001C74	28	1	第５章　　～わかたれた湖～	제５장　　～갈라진 호수～
B0019	001C90	28	1	第４章　　～聖獣の住む森～	제４장　　～성수가 사는 숲～
B0020	001CAC	28	1	第３章　　～三都橋の幻影～	제３장　　～삼도교의 환영～
B0021	001CC8	28	1	第２章　　～ボルト大決戦～	제２장　　～볼트 대결전～
B0022	001CE4	28	1	第１章　　～テグラの宝石～	제１장　　～테그라의 보석～
B0023	001D00	28	1	序　章　　～小さな巡礼者～	서　장　　～작은 순례자～
B0024	001EE0	7	1	たち	들
B0025	001EE8	7	1	は、	
B0026	001F44	16	1	戦闘に勝った！	
B0027	001F54	19	1	力尽きた・・・。	힘이 다했다・・・.
B0028	00227C	9	2	/訌C@{08}ﾑ{07}	
B0029	00391C	4	3	/跂	
B0030	0061BC	23	1	ＭＡＰ%dはありません{10}	ＭＡＰ%d은(는) 없습니다{10}
B0031	008508	31	1	ジュリオたちは宝箱を開けた。{0F}	
B0032	008528	35	1	ジュリオたちは\n%sを手に入れた。{10}	
B0033	00854C	20	1	%dピア手に入れた。{10}	
B0034	008560	32	1	宝箱には何も入っていなかった。{10}	보물상자에는 아무것도 들어 있지 않았다.{10}
B0035	008580	24	1	サポートしていません。{10}	지원하지 않습니다.{10}
B0036	009198	8	1	５０枚	５０장
B0037	0091A0	8	1	４０枚	４０장
B0038	0091A8	8	1	３０枚	３０장
B0039	0091B0	8	1	２０枚	２０장
B0040	0091B8	8	1	１０枚	１０장
B0041	0091C0	8	1	　０枚	　０장
B0042	00F50C	8	7	%dピア	
B0043	00FDB8	20	1	%sを\n買いました。{0F}	
B0044	00FF00	20	1	%sを\n売りました。{0F}	
B0045	010570	27	1	%sは\n%sを授かりました。{10}	
B0046	01162C	35	1	経験値%dと\n%dゴアを手に入れた！{10}	경험치 %d와\n%d고아를 손에 넣었다!{10}
B0047	011650	24	1	経験値%dを手に入れた！{10}	
B0048	011668	27	1	%sのレベルが%dになった。{10}	
B0049	012088	11	1	ムービー	
B0050	012094	16	1	セーブ・ロード	
B0051	0120A4	19	1	エンディング(GRP)	엔딩(GRP)
B0052	0120B8	15	1	エンディング	
B0053	0120C8	12	1	エフェクト	
B0054	0120D4	11	1	タイトル	타이틀
B0055	0120E0	16	1	セレクトマップ	
B0056	0120FC	19	1	ブラックジャック	블랙잭
B0057	012110	12	1	ＭＡＰ設定	
B0058	01211C	12	1	ルーレット	룰렛
B0059	012128	12	1	ＦＬＧ設定	
B0060	012134	16	1	本を読むテスト	책을 읽는 테스트
B0061	012144	15	1	パーティ構成	파티 구성
B0062	012154	8	1	本３９	
B0063	01215C	8	1	本３８	책 ３８
B0064	012164	8	1	本３７	책 ３７
B0065	01216C	8	1	本３６	책 ３６
B0066	012174	8	1	本３５	책 ３５
B0067	01217C	8	1	本３４	책 ３４
B0068	012184	8	1	本３３	책 ３３
B0069	01218C	8	1	本３２	책 ３２
B0070	012194	8	1	本３１	책 ３１
B0071	01219C	8	1	本３０	책 ３０
B0072	0121A4	8	1	本２９	책 ２９
B0073	0121AC	8	1	本２８	책 ２８
B0074	0121B4	8	1	本２７	책 ２７
B0075	0121BC	8	1	本２６	책 ２６
B0076	0121C4	8	1	本２５	책 ２５
B0077	0121CC	8	1	本２４	책 ２４
B0078	0121D4	8	1	本２３	책 ２３
B0079	0121DC	8	1	本２２	책 ２２
B0080	0121E4	8	1	本２１	책 ２１
B0081	0121EC	8	1	本２０	책 ２０
B0082	0121F4	8	1	本１９	책 １９
B0083	0121FC	8	1	本１８	책 １８
B0084	012204	8	1	本１７	책 １７
B0085	01220C	8	1	本１６	책 １６
B0086	012214	8	1	本１５	책 １５
B0087	01221C	8	1	本１４	책 １４
B0088	012224	8	1	本１３	책 １３
B0089	01222C	8	1	本１２	책 １２
B0090	012234	8	1	本１１	책 １１
B0091	01223C	8	1	本１０	책 １０
B0092	012244	8	1	本０９	책 ０９
B0093	01224C	8	1	本０８	책 ０８
B0094	012254	8	1	本０７	책 ０７
B0095	01225C	8	1	本０６	책 ０６
B0096	012264	8	1	本０５	책 ０５
B0097	01226C	8	1	本０４	책 ０４
B0098	012274	8	1	本０３	책 ０３
B0099	01227C	8	1	本０２	책 ０２
B0100	012284	8	1	本０１	책 ０１
B0101	01228C	8	1	本００	책 ００
B0102	012294	11	1	ＩＦＬＧ	
B0103	0122A0	8	1	ＦＬＧ	
B0104	012534	31	1	＊＊パーティ構成メニュー＊＊	
B0105	012554	15	1	　　　　　　	
B0106	013B9C	15	1	天球儀２－２	천구의２－２
B0107	013BAC	15	1	天球儀２－１	
B0108	013BBC	11	1	天球儀１	
B0109	013BC8	20	1	オルドスのシャリネ	
B0110	013BDC	20	1	シフールのシャリネ	시푸르의 샤리네
B0111	013BF0	20	1	イグニスのシャリネ	이그니스의 샤리네
B0112	013C04	19	1	テグラのシャリネ	테그라의 샤리네
B0113	013C18	20	1	ディーネのシャリネ	
B0114	0149F0	20	1	     　　　 　　　	
B0115	014BD8	40	1	Level設定くん(L:LV-- R:LV++ UD:cursor)	
B0116	014FC4	32	1	param.binの内容を反映したです。	
B0117	015228	20	2	あいてみゅ設定くん	
B0118	01523C	19	1	沢山持ちました。	많이 가졌습니다.
B0119	0152CC	23	1	すべて無くしました。	
B0120	015354	19	2	まぢっく設定くん	
B0121	015368	19	1	沢山覚えました。	
B0122	015464	20	1	すべて忘れました。	
B0123	017CC4	4	1	★	
B0124	017CC8	4	1	　	
B0125	01A418	4	2	/趁	
B0126	01B958	4	1	９	
B0127	01B95C	4	1	８	
B0128	01B960	4	1	７	
B0129	01B964	4	1	６	
B0130	01B968	4	1	５	
B0131	01B96C	4	1	４	
B0132	01B970	4	1	３	
B0133	01B974	4	1	２	
B0134	01B978	4	1	１	
B0135	01B97C	4	1	０	
B0136	01B980	4	1	・	
B0137	0208D0	15	2	αβγδεζ	
B0138	0208E0	12	2	本体ＲＡＭ	
B0139	0208EC	7	4	換金	
B0140	0208F4	7	4	売る	
B0141	0208FC	7	4	買う	
B0142	020904	15	2	ダブルダウン	
B0143	020914	12	2	スプリット	
B0144	020920	11	4	スタンド	스탠드
B0145	02092C	8	4	ヒット	
B0146	020934	7	1	装飾	
B0147	02093C	7	1	 盾 	
B0148	020944	7	1	 鎧 	
B0149	02094C	7	1	武器	
B0150	020954	7	1	記録	
B0151	02095C	7	1	設定	
B0152	020964	7	1	読書	
B0153	02096C	7	2	装備	
B0154	020974	7	6	防御	
B0155	02097C	7	7	道具	
B0156	020984	7	2	魔法	
B0157	02098C	7	6	攻撃	
B0158	020994	8	1	投げる	
B0159	02099C	7	1	 技 	
B0160	0209A4	7	1	調薬	
B0161	0209AC	19	1	ステレオ　　オフ	
B0162	0209C0	19	1	ステレオ　　オン	
B0163	0209D4	19	1	メッセージ　速い	
B0164	0209E8	19	1	メッセージ　普通	
B0165	022880	11	1	使用不可	
B0166	0246F0	15	1	　　　　　　	
B0167	024C64	8	1	経験値	
B0168	024C6C	8	1	運　　	
B0169	024C74	8	1	精神力	
B0170	024C7C	8	1	知性　	
B0171	024C84	8	1	素早さ	민첩성
B0172	024C8C	8	1	耐魔力	
B0173	024C94	8	1	耐久力	
B0174	024C9C	8	1	攻撃力	
B0175	024CA4	19	1	装備している物Ｒ	장비한 것Ｒ
B0176	03866C	16	1	9.二枚目の始め	
B0177	03D938	11	1	%dＰｉａ	
B0178	03D944	11	1	%dＧｏａ	
B0179	040120	4	2	/赳	
B0180	040158	35	1	       本体ＲＡＭのバックアップの	
B0181	04017C	40	1	     カートリッジＲＡＭのバックアップの	
B0182	0401A4	31	1	             %d 番目の記録が	
B0183	0401C4	36	1	        二枚目へ移行する為の記録が	
B0184	0401E8	32	1	           正しく読み込めません	
B0185	040208	35	1	         この記録を消してください	
B0186	04117C	27	1	              この記録は	
B0187	041198	39	1	   ディスク１からのスタートになります	
B0188	0411C0	39	1	   ディスク２からのスタートになります	
B0189	0411E8	32	1	          ディスクを入れ替えて	
B0190	041208	36	3	     ゲームを再スタートしてください	
B0191	041308	35	1	         ディスク２へ移行する為の	
B0192	04132C	31	1	            記録が存在します	
B0193	04134C	31	1	           ディスク２を入れて	
B0194	041578	39	1	   バックアップの空き容量が足りません	
B0195	0415A0	40	1	 これ以上ゲームを続けることは出来ません	
B0196	041AA4	32	1	           このまま始めた場合、	
B0197	041AC4	36	1	        ディスク２へ移行できません	
B0198	041AE8	39	1	      記録を保存することはできません	
B0199	041B10	39	1	     また、ディスク２へ移行できません	
B0200	041B38	35	1	         ディスク２へ移行するには	
B0201	041B5C	23	1	 の空き容量が必要です	
B0202	041B74	23	1	  本体ＲＡＭに %2d%s	
B0203	041B8C	36	1	       新しい記録を保存するためには	
B0204	041BB0	20	1	       さらに%2d%s	
B0205	041BD4	43	1	 ゲームを開始しますか？     はい   いいえ	
B0206	041C2C	44	1	    セガサターン本体の保存データ管理画面で	
B0207	041C58	35	1	              他の記録を消して、	
B0208	041C7C	39	1	       ゲームを再スタートしてください	
B0209	041FC8	36	1	   本体ＲＡＭのバックアップの準備が	
B0210	041FEC	31	1	          まだできていません	
B0211	04200C	40	1	セガサターン本体の保存データ管理画面で	세가 새턴 본체의 저장 데이터 관리 화면에서
B0212	042034	35	1	      全ての記録を消してください	
B0213	042058	43	1	 カートリッジＲＡＭのバックアップの準備が	
B0214	042084	35	1	     すべての記録を消してください	
B0215	0420A8	32	1	           これはディスク２です	
B0216	0420C8	36	1	        このディスクから始められる	
B0217	0420EC	31	1	             記録はありません	
B0218	04210C	39	1	      ディスク１に入れ替えてください	
B0219	042BA8	4	12	ﾑ説	
B0220	042C82	5	1	J{10}証	
B0221	042E32	15	2	O"`&!{02}C{10}埴q{04}O&	
B0222	05C606	27	157	ﾑ\nb{12}ﾑ{15}a{10}"{10}c2`0ﾉ{01} {08}屑~{04}o絨&	
B0223	05C608	25	2	b{12}ﾑ{15}a{10}"{10}c2`0ﾉ{01} {08}屑~{04}o絨&	
B0224	0669BC	8	2	CAﾃy7烙	
B0225	066F5C	12	2	ﾅﾐ矚 {19}D{08}D{08}D	
B0226	066F70	9	1	ﾅﾐ碣 {19} K	
B0227	0673D0	13	5	ﾅﾐ碾`{08} {19} K`{08}	
B0228	0673E0	17	5	ﾅﾐ睹`{08} {19}D{08}D{08} K`{08}	
B0229	067FDC	19	1	/F/f/VO"ﾐC這`{02}膚@{0B}	
B0230	06FA94	11	2	`Cﾁ僴Sﾁ礰c	
B0231	074CA4	16	1	ﾚDﾛCj｢怙kｲﾐI:ﾌ`	
B0232	074EA8	84	1	O"ｿ帚{1C}WFO&7-ﾆ#XGn{03}{01}{0A}{06}{1A}7=N(@)&{1D}{01}{0A}{07}{1A}8-m{09}ﾆ''{1D}{01}{0A}{02}{1A}8=l{03}L("{1D}{01}{0A}{03}{1A}@)j{09}#{1D}`Xﾉ{0F}a{03}A{08}ﾇ{02}{01}{1E}XCA+YD	
B0233	076AA4	17	1	偈ｩ{09}{06}{07}ｪｴ{06}{07}ｪｾ{06}{07}ｪﾈ	
B0234	076C60	9	1	ジュリオ	줄리오
B0235	076C69	7	1	クリス	크리스
B0236	076C70	9	1	シャーラ	샤라
B0237	076C79	7	1	グース	구스
B0238	076C80	9	1	ローディ	로디
B0239	076C89	9	1	フィリー	필리
B0240	076C92	7	1	アルフ	알프
B0241	076C99	9	1	モリスン	모리슨
B0242	076CA2	11	1	ジョアンナ	조안나
B0243	076CAD	7	1	ステラ	스텔라
B0244	076CB4	9	1	バダット	바다트
B0245	076CBD	9	1	バンバン	반반
B0246	076CC6	11	1	デュルゼル	뒤르젤
B0247	076CD1	7	1	ハック	하크
B0248	076CD8	15	1	ラップじいさん	랩 할아범
B0249	076CE7	13	1	イザベル王妃	이자벨 왕비
B0250	076CF4	7	1	レバス	레바스
B0251	076CFB	7	1	カジム	카짐
B0252	076D02	15	1	アルフレッド王	알프레드 왕
B0253	076D11	7	1	ルーレ	루레
B0254	0770A8	39	1	{06}{02}研{06}{02}懸{06}{02}券{06}{02}血{06}{02}隙{06}{02}芸{06}{02}荊{06}{02}畦{06}{02}慧	
B0255	07942C	7	4	{06}{0B}灰	
B0256	079908	12	1	、。」』！	、。」』！
