#번호	첫 위치	원문(show2)	지금 들어간 것(인자 디코딩)
L001	MAP/MAP001.BIN:01E436	{02}{80}はあはあ・・・。\nもうヘトヘトだよ・・・。{0E}{02}{81}なにやってるのよ。\nがんばりなさいよ。{0E}{02}{80}クリスこそ、助けてくれても\nいいじゃないか～。{0E}{02}{81}ジュリオ、がんばって～。{0E}{02}{80}ちぇ・・・。\n調子いいんだから・・・。{10}	{02}{80}はあはあ・・・。\nもうヘトヘトだよ・・・。{0E}{02}{81}なにやってるのよ。\nがんばりなさいよ。{0E}{02}{80}クリスこそ、助けてくれても\nいいじゃないか～。{0E}{02}{81}ジュリオ、がんばって～。{0E}{02}{80}禿…\n拙汁柴垢莞潅円…{10}
L002	MAP/MAP001.BIN:01E61A	{02}{81}もう、薬草も\n全部あげちゃったわ。{0E}{02}{80}ええ～、そんなあ～。{10}	{02}{81}もう、薬草も\n全部あげちゃったわ。{0E}{02}{80}閃～,曳堅～.{10}
L003	MAP/MAP001.BIN:01E6C8	{02}{81}あわわわ・・・！{10}	{02}{81}あ促,促掻…!{10}
L004	MAP/MAP002.BIN:014852	{02}{81}がんばりなさいよ。\n「泣き虫ジュリオ」って\n言われてもいいの？{0E}{02}{80}そんなあ～。{10}	{02}{81}がんばりなさいよ。\n「泣き虫ジュリオ」って\n言われてもいいの？{0E}{02}{80}曳堅～.{10}
L005	MAP/MAP002.BIN:014C88	{02}{81}ねえ、ジュリオ。\nなんだかかわいそうね。{0E}{02}{80}う・・・ん。そうだね。{10}	{02}{81}ねえ、ジュリオ。\nなんだかかわいそうね。{0E}{02}{80}鯛…択.曳喧革.{10}
L006	MAP/MAP002.BIN:014DD4	{02}{81}ねえ、ジュリオ。\nうりぼうを倒すのは、\nかわいそうだわ。{0F}もし、あの子が大きくなっても\nジュリオのことを覚えていたら\nどうする？{0E}{02}{80}うん。そうだね・・・。{0F}でも、そのときは僕も大人に\nなっているから、\n正々堂々戦うよ。{10}	{02}{81}ねえ、ジュリオ。\nうりぼうを倒すのは、\nかわいそうだわ。{0F}もし、あの子が大きくなっても\nジュリオのことを覚えていたら\nどうする？{0E}{02}{80}択.曳絹栂…{0F}紐栂皇,曳狗患 塊掬 栴孝琢\n仇栴 辿瀧 楳潅円,\n抽抽贋贋紐夷 薪袖夷.{10}
L007	MAP/MAP002.BIN:015040	{02}{81}これで、よかったのよね。{0E}{02}{80}うん。これでよかったんだよ。{10}	{02}{81}これで、よかったのよね。{0E}{02}{80}択.琢庵虎 灸 鮎碩.{10}
L008	MAP/MAP002.BIN:0151D2	{02}{81}ねえジュリオ、\nみんな殻に閉じこもっているわ。{0F}今のうちに\n逃げちゃいましょうよ。{0E}{02}{80}うん、そうだね。{10}	{02}{81}ねえジュリオ、\nみんな殻に閉じこもっているわ。{0F}今のうちに\n逃げちゃいましょうよ。{0E}{02}{80}択,曳詣.{10}
L009	MAP/MAP002.BIN:015374	{02}{81}ここまで来れば大丈夫ね。{0E}{02}{80}うん。\nなんとか逃げ切れたよ。{10}	{02}{81}ここまで来れば大丈夫ね。{0E}{02}{80}択.\n栴櫛夷蕎 掬肱搭栴.{10}
L010	MAP/MAP004.BIN:010F64	{09}{0A}\n{02}{00}やった！！\n金貨みっけ。{0E}ジュリオは\n{01}{87}を手に入れました。{10}	{09}{0A}\n{02}{00}やった！！\n金貨みっけ。{0E}ジュリオは\n{01}{87}を彰閃 隔賎穣潅莞.{10}
L011	MAP/MAP010.BIN:0124B0	{02}{81}それよ、それ。\nはやく海の方に投げなさい。{0E}{02}{80}わかったよ。\n船に駆け込む準備はいい？{0E}{02}{81}私は大丈夫よ。{0F}いざとなったら、\nジュリオは置いていくから。{0E}{02}{80}そんなあ・・・。{0E}{02}{81}冗談に決まってるでしょ！{0F}いいから、はやくしなさいよ。\n本当に置いていっちゃうから。{0E}{02}{80}わかったよう・・・。{10}	{02}{81}それよ、それ。\nはやく海の方に投げなさい。{0E}{02}{80}わかったよ。\n船に駆け込む準備はいい？{0E}{02}{81}私は大丈夫よ。{0F}いざとなったら、\nジュリオは置いていくから。{0E}{02}{80}そんなあ・・・。{0E}{02}{81}冗談に決まってるでしょ！{0F}いいから、はやくしなさいよ。\n本当に置いていっちゃうから。{0E}{02}{80}瀬逝栴鎗…{10}
L012	MAP/MAP010.BIN:0127E2	{02}{81}これを使うのよ！{0F}さあ、投げて！{0E}{02}{80}ええ・・・\n自分で投げれば\nいいじゃないか・・・。{0E}{02}{81}いいから早く！{0E}{02}{80}しょうがないなあ・・・。{10}	{02}{81}これを使うのよ！{0F}さあ、投げて！{0E}{02}{80}ええ・・・\n自分で投げれば\nいいじゃないか・・・。{0E}{02}{81}いいから早く！{0E}{02}{80}栴梯 樵 舛革…{10}
L013	MAP/MAP010.BIN:012874	{02}{80}そんなこと言うならば、\nクリスがなんとかしてよ。{0E}{02}{81}なんですって？\nジュリオがなんとかしなさい！{0E}{02}{80}クリスは、いっつも\nそうなんだから・・・。{10}	{02}{80}そんなこと言うならば、\nクリスがなんとかしてよ。{0E}{02}{81}なんですって？\nジュリオがなんとかしなさい！{0E}{02}{80}禰昂剰患,購魁\n曳絹莞潅円…{10}
L014	MAP/MAP023.BIN:01B9FE	{09}{00}{02}{84}ガルガ！\n今までの借り、そっくり返すぜ！！{10}	{09}{00}{02}{84}ガ垢娃!\n栂穎円栂拓 篠,稲剰桂倣 宛菅 腸浩!!{10}
L015	MAP/MAP031.BIN:015EAA	オオカミは\n{01}{7F}を持っていた。{0E}{01}{7F}を手に入れた。{10}	オオカミは\n{01}{7F}を持っていた。{0E}{01}{7F}宏 彰閃 隔賎莞.{10}
L016	MAP/MAP031.BIN:01629C	オオカミは\n{01}{82}を持っていた。{0E}{01}{82}を手に入れた。{10}	オオカミは\n{01}{82}を持っていた。{0E}{01}{82}を彰閃 隔賎莞.{10}
L017	MAP/MAP031.BIN:018EDA	{02}{82}あまったれるんじゃないよ。{10}	{02}{82}あ憾栴栂栂 浩.{10}
L018	MAP/MAP031.BIN:018F36	{02}{82}あ～もう！イライラするね！\n「泣き虫ジュリオ」って\n呼ぶわよ。{0E}{02}{80}そんなあ～。\n（クリスと言うことが）\n（同じなんだから・・・）{10}	{02}{82}あ～もう！イライラするね！\n「泣き虫ジュリオ」って\n呼ぶわよ。{0E}{02}{80}曳堅ー.\n(禰昂剰荊 紐患 稿琢)\n(轡斡淡菅…){10}
L019	MAP/MAP031.BIN:0191FE	{02}{8B}バンバ～ン・・・。{10}	{02}{8B}バ朔堺ー畝…{10}
L020	MAP/MAP031.BIN:019220	{02}{8B}バ～ンバ～ン・・・。{10}	{02}{8B}バー朔堺ー畝…{10}
L021	MAP/MAP031.BIN:01953A	{02}{81}ごめんなさい。\nもう調合はあまり使えないの。{0E}{02}{80}わかったよ。\nうん、仕方ないよ。{10}	{02}{81}ごめんなさい。\nもう調合はあまり使えないの。{0E}{02}{80}瀬逝栴.\n択,栴梯 樵 舛栂.{10}
L022	MAP/MAP031.BIN:0196A6	{02}{82}ありがとさん。{10}	{02}{82}あ浩唾鎗.{10}
L023	MAP/MAP031.BIN:0198BC	{02}{8B}バンバーン！{10}	{02}{8B}バ朔朔!{10}
L024	MAP/MAP031.BIN:019BAA	{02}{82}なんだい、なんだい。\nお嬢ちゃんがいないと\nなんにも出来ないのかい？{0E}{02}{80}そ、そんなことないよ・・・。{10}	{02}{82}なんだい、なんだい。\nお嬢ちゃんがいないと\nなんにも出来ないのかい？{0E}{02}{80}曳,曳絹栂 摺菅…{10}
L025	MAP/MAP031.BIN:019C6A	{02}{82}んもう、なんとかおしよ！\nグーッ・・・ス。{0E}	{02}{82}ん寵 栴櫛夷 鋲 賜!\n丑ー…剰.{0E}
L026	MAP/MAP036.BIN:00F80A	{02}{81}フィリー、ありがとう。{10}	{02}{81}フ筆昂,稲浩唾.{10}
L027	MAP/MAP040.BIN:00A468	{02}{8A}気合が足りないんだよ。\n「泣き虫ジュリオ」って\n呼ばれちまうぞ。{0E}{02}{80}そんなあ～。\n（みんな同じこと）\n（言うんだから・・・）{10}	{02}{8A}気合が足りないんだよ。\n「泣き虫ジュリオ」って\n呼ばれちまうぞ。{0E}{02}{80}曳堅ー.\n(莞尭 轡斡滝 稿)\n(紐患丑塊…){10}
L028	MAP/MAP042.BIN:019A9C	{02}{89}クリスちゃん、\nありがとう。{10}	{02}{89}ク昂剰,\n稲浩唾.{10}
L029	MAP/MAP042.BIN:019CE8	{02}{81}ステラさん、\nありがとう。{10}	{02}{81}ス狽慧 嵩,\n稲浩唾.{10}
L030	MAP/MAP053.BIN:008BF0	{02}{8A}ありゃ？{0E}{02}{80}あれれ・・・？{0E}	{02}{8A}ありゃ？{0E}{02}{80}栴慧慧…？{0E}
L031	MAP/MAP053.BIN:008CFC	{02}{8A}ジュリオ、いまだ！\nチャンスだぞ。{0E}{02}{80}うん、オッケー。{10}	{02}{8A}ジュリオ、いまだ！\nチャンスだぞ。{0E}{02}{80}択,遡奈琢.{10}
L032	MAP/MAP074.BIN:00FB12	{02}{81}ここまで来れば大丈夫ね。{0E}{02}{80}うん。\nなんとか逃げ切れたね。{10}	{02}{81}ここまで来れば大丈夫ね。{0E}{02}{80}択。\n曳圏畜圏 燦栴凱革。{10}
