#번호	위치	자리(끝 00 포함)	구분	원문	번역
P0001	00050	32	몬스터 0	零號機	
P0002	0009C	23	몬스터 1	うりぼう	
P0003	000E8	23	몬스터 2	大イノシシ	
P0004	00134	32	몬스터 3	ムカデ(親)	
P0005	00180	32	몬스터 4	ムカデ(子)	
P0006	001CC	23	몬스터 5	オオカミ	
P0007	00218	23	몬스터 6	デスカルゴ	
P0008	00264	23	몬스터 7	アザラシ	
P0009	002B0	23	몬스터 8	大コウモリ	
P0010	002FC	23	몬스터 9	大ヘビ	
P0011	00348	23	몬스터 10	大ネズミ	
P0012	00394	23	몬스터 11	タランチュラ	
P0013	003E0	23	몬스터 12	サンドワーム	
P0014	0042C	32	몬스터 13	ムカデ(尾)	
P0015	00478	23	몬스터 14	大サソリ	
P0016	004C4	22	몬스터 15	ダークナイト	
P0017	00510	23	몬스터 16	死人使い	
P0018	0055C	23	몬스터 17	大ワシ	
P0019	005A8	22	몬스터 18	ドラゴン	
P0020	005F4	23	몬스터 19	暴れザル	
P0021	00640	22	몬스터 20	スピリット	
P0022	0068C	22	몬스터 21	スケルトン	
P0023	006D8	32	몬스터 22	ガルガ	
P0024	00724	22	몬스터 23	寄生獣バゼラー	
P0025	00770	22	몬스터 24	カジム	
P0026	007BC	22	몬스터 25	ウルギット	
P0027	00808	22	몬스터 26	カンダタ	
P0028	00854	22	몬스터 27	ベラート	
P0029	008A0	22	몬스터 28	フォルティア兵	
P0030	008EC	22	몬스터 29	レバス	
P0031	00938	22	몬스터 30	イザベル	
P0032	00984	22	몬스터 31	フォルティア兵	
P0033	009D0	23	몬스터 32	オオカミ	
P0034	00A1C	23	몬스터 33	オオカミ	
P0035	00A68	23	몬스터 34	一匹オオカミ	
P0036	00AB4	23	몬스터 35	ウルフ	
P0037	00B00	23	몬스터 36	ハイイロオオカミ	
P0038	00B4C	23	몬스터 37	ハイイロオオカミ	
P0039	00B98	23	몬스터 38	オオカミ	
P0040	00BE4	23	몬스터 39	ウルフ	
P0041	00C30	23	몬스터 40	デスカルゴ	
P0042	00C7C	23	몬스터 41	デスカルゴ	
P0043	00CC8	22	몬스터 42	デスカルゴ	
P0044	00D60	23	몬스터 44	大コウモリ	
P0045	00DAC	23	몬스터 45	大コウモリ	
P0046	00E90	23	몬스터 48	暴れザル	
P0047	00EDC	23	몬스터 49	暴れザル	
P0048	00F28	23	몬스터 50	暴れザル	
P0049	00F74	23	몬스터 51	暴れザル	
P0050	00FC0	23	몬스터 52	暴れザル	
P0051	0100C	23	몬스터 53	カジムの手先	
P0052	010F0	23	몬스터 56	大ネズミ	
P0053	0113C	23	몬스터 57	トオカネズミ	
P0054	01188	23	몬스터 58	マジックラット	
P0055	01220	22	몬스터 60	大ワシ	
P0056	0126C	23	몬스터 61	大ワシ	
P0057	01350	23	몬스터 64	レッドコブラ	
P0058	0139C	23	몬스터 65	マジックスネーク	
P0059	01480	23	몬스터 68	サンドワーム	
P0060	01518	23	몬스터 70	火グモ	
P0061	015B0	22	몬스터 72	フォルティア兵	
P0062	015FC	22	몬스터 73	フォルティア兵	
P0063	01CD0	20	아이템 0	道具零號	
P0064	01D14	20	아이템 1	短剣	
P0065	01D58	20	아이템 2	小型の剣	
P0066	01D9C	20	아이템 3	鉄の剣	
P0067	01DE0	20	아이템 4	鋼の剣	
P0068	01E24	20	아이템 5	幅広の剣	
P0069	01E68	20	아이템 6	断ち切りの剣	
P0070	01EAC	20	아이템 7	達人の剣	
P0071	01EF0	20	아이템 8	エスペランサー	
P0072	01F34	20	아이템 9	布の服	
P0073	01F78	20	아이템 10	皮の鎧	
P0074	01FBC	20	아이템 11	鉄片の鎧	
P0075	02000	20	아이템 12	青銅の鎧	
P0076	02044	20	아이템 13	板金の鎧	
P0077	02088	20	아이템 14	名匠の鎧	
P0078	020CC	20	아이템 15	木の盾	
P0079	02110	20	아이템 16	小型の盾	
P0080	02154	20	아이템 17	大型の盾	
P0081	02198	20	아이템 18	忍耐の盾	
P0082	021DC	20	아이템 19	木の杖	
P0083	02220	20	아이템 20	銀の短剣	
P0084	02264	20	아이템 21	ホワイトストーン	
P0085	022A8	20	아이템 22	流星の槍	
P0086	022EC	20	아이템 23	ビー玉	
P0087	02330	20	아이템 24	ゲルドの杖	
P0088	02374	20	아이템 25	カゼ薬	
P0089	023B8	20	아이템 26	名匠の盾	
P0090	023FC	20	아이템 27	魔力の指輪	
P0091	02440	20	아이템 28	ラスパの手紙	
P0092	02484	20	아이템 29	アザラシのエサ	
P0093	024C8	20	아이템 30	酔い止めの薬	
P0094	0250C	20	아이템 31	真紅の炎	
P0095	02550	20	아이템 32	水夫のナイフ	
P0096	02594	20	아이템 33	乾燥麦	
P0097	025D8	20	아이템 34	アルフの指輪	
P0098	0261C	20	아이템 35	レンズ豆の種	
P0099	02660	20	아이템 36	石けん詰め合せ	
P0100	026A4	20	아이템 37	ラップの杖	
P0101	026E8	20	아이템 38	ハックの手帳	
P0102	0272C	20	아이템 39	絹のローブ	
P0103	02770	20	아이템 40	エトスの薬	
P0104	027B4	20	아이템 41	ひらめきの短剣	
P0105	027F8	20	아이템 42	幸運の服	
P0106	0283C	20	아이템 43	木綿のローブ	
P0107	02880	20	아이템 44	炎の短剣	
P0108	028C4	20	아이템 45	鋼の槍	
P0109	02908	20	아이템 46	鎖の鎧	
P0110	0294C	20	아이템 47	月影のローブ	
P0111	02990	20	아이템 48	守りの指輪	
P0112	029D4	20	아이템 49	トーマスのメダル	
P0113	02A18	20	아이템 50	カチューシャ	
P0114	02A5C	20	아이템 51	幸運の指輪２	
P0115	02AA0	20	아이템 52	キャラックの親書	
P0116	02AE4	20	아이템 53	樫のロッド	
P0117	02B28	20	아이템 54	麻のマント	
P0118	02B6C	20	아이템 55	ベラートの鍵	
P0119	02BB0	20	아이템 56	水晶のロッド	
P0120	02BF4	20	아이템 57	歴戦のマント	
P0121	02C38	20	아이템 58	マスターナイフ	
P0122	02C7C	20	아이템 59	皮のかたびら	
P0123	02CC0	20	아이템 60	木の弓	
P0124	02D04	20	아이템 61	ガントレット	
P0125	02D48	20	아이템 62	身かわしのローブ	
P0126	02D8C	20	아이템 63	金のペンダント	
P0127	02DD0	20	아이템 64	鋼鉄のナックル	
P0128	02E14	20	아이템 65	武道着	
P0129	02E58	20	아이템 66	青真珠のロッド	
P0130	02E9C	20	아이템 67	射手座のマント	
P0131	02EE0	20	아이템 68	疾風の槍	
P0132	02F24	20	아이템 69	鎖のかたびら	
P0133	02F68	20	아이템 70	古代の剣	
P0134	02FAC	20	아이템 71	紋章のマント	
P0135	02FF0	20	아이템 72	イチジクの実	
P0136	03034	20	아이템 73	素早さの指輪１	
P0137	03078	20	아이템 74	素早さの指輪２	
P0138	030BC	20	아이템 75	素早さの指輪３	
P0139	03100	20	아이템 76	賢さの指輪１	
P0140	03144	20	아이템 77	賢さの指輪２	
P0141	03188	20	아이템 78	幸運の指輪１	
P0142	031CC	20	아이템 79	幸運の指輪３	
P0143	03210	20	아이템 80	魔法抵抗の指輪１	
P0144	03254	20	아이템 81	魔法抵抗の指輪２	
P0145	03298	20	아이템 82	魔法抵抗の指輪３	
P0146	032DC	20	아이템 83	陽炎の鎧	
P0147	03320	20	아이템 84	スパイダーナイフ	
P0148	03364	20	아이템 85	英傑のマント	
P0149	033A8	20	아이템 86	Ｈな本	
P0150	033EC	20	아이템 87	巡礼者のこころえ	
P0151	03430	20	아이템 88	信心のお守り	
P0152	03474	20	아이템 89	正邪の槍	
P0153	034B8	20	아이템 90	戒めの盾	
P0154	034FC	20	아이템 91	氷雪の槍	
P0155	03540	20	아이템 92	シールドローブ	
P0156	03584	20	아이템 93	早業の短剣	
P0157	035C8	20	아이템 94	召喚の短刀	
P0158	0360C	20	아이템 95	夢見の剣	
P0159	03650	20	아이템 96	真空の剣	
P0160	03694	20	아이템 97	名剣シルフィング	
P0161	036D8	20	아이템 98	ルビーの杖	
P0162	0371C	20	아이템 99	白銀の杖	
P0163	03760	20	아이템 100	光明の杖	
P0164	037A4	20	아이템 101	魔導師の杖	
P0165	037E8	20	아이템 102	天覇のロッド	
P0166	0382C	20	아이템 103	蘇生の薬	
P0167	03870	20	아이템 104	解毒薬	
P0168	038B4	20	아이템 105	ベール	
P0169	038F8	20	아이템 106	英知のローブ	
P0170	0393C	20	아이템 107	王者のカトラス	
P0171	03980	20	아이템 108	サフィー 第２巻	
P0172	039C4	20	아이템 109	サフィー 第３巻	
P0173	03A08	20	아이템 110	サフィー 第４巻	
P0174	03A4C	20	아이템 111	サフィー 第５巻	
P0175	03A90	20	아이템 112	サフィー 第６巻	
P0176	03AD4	20	아이템 113	サフィー 第７巻	
P0177	03B18	20	아이템 114	サフィー 第８巻	
P0178	03B5C	20	아이템 115	サフィー 第９巻	
P0179	03BA0	20	아이템 116	剣士教本 その１	
P0180	03BE4	20	아이템 117	剣士教本 その２	
P0181	03C28	20	아이템 118	剣士教本 その３	
P0182	03C6C	20	아이템 119	サフィー 第１巻	
P0183	03CB0	20	아이템 120	鉄の鍵	
P0184	03CF4	20	아이템 121	鋼の鍵	
P0185	03D38	20	아이템 122	銅の鍵	
P0186	03D7C	20	아이템 123	鋭い牙	
P0187	03DC0	20	아이템 124	入れ歯	
P0188	03E04	20	아이템 125	鋭い入れ歯	
P0189	03E48	20	아이템 126	毛皮	
P0190	03E8C	20	아이템 127	良い毛並みの毛皮	
P0191	03ED0	20	아이템 128	剛毛の毛皮	
P0192	03F14	20	아이템 129	バンバンの盾	
P0193	03F58	20	아이템 130	バンバンの盾２	
P0194	03F9C	20	아이템 131	バンバンの盾３	
P0195	03FE0	20	아이템 132	グローブ	
P0196	04024	20	아이템 133	薬草	
P0197	04068	20	아이템 134	回復薬	
P0198	040AC	20	아이템 135	金貨	
P0199	040F0	20	아이템 136	バンダナ	
P0200	04134	20	아이템 137	半ズボン	
P0201	041BC	20	아이템 139	黒いターバン	
P0202	04200	20	아이템 140	ターバン	
P0203	04244	20	아이템 141	鋭い爪	
P0204	04288	20	아이템 142	剣士の証	
P0205	04310	20	아이템 144	投石棒	
P0206	04354	20	아이템 145	鉄の投石棒	
P0207	04398	20	아이템 146	銀の投石棒	
P0208	043DC	20	아이템 147	金の投石棒	
P0209	04420	20	아이템 148	パールの投石棒	
P0210	06F8C	22	마법 0	僕は魔法の零號さ	
P0211	06FDC	21	마법 1	ハチよせ	
P0212	0702C	21	마법 2	カマイタチ	
P0213	0707C	21	마법 3	スリープ	
P0214	070CC	21	마법 4	闇縛り	
P0215	0711C	21	마법 5	キュア	
P0216	0716C	21	마법 6	ヒール１	
P0217	071BC	21	마법 7	ヒール２	
P0218	0720C	21	마법 8	ヒール３	
P0219	0725C	21	마법 9	蘇生	
P0220	072AC	21	마법 10	シールド	
P0221	072FC	21	마법 11	フレイム	
P0222	0734C	21	마법 12	ファイア	
P0223	0739C	21	마법 13	霧	
P0224	073EC	21	마법 14	サンダー	
P0225	0748C	21	마법 16	時空停止	
P0226	074DC	21	마법 17	フリーズ	
P0227	0752C	21	마법 18	サンダー	
P0228	0757C	21	마법 19	超音波	
P0229	075CC	22	마법 20	ファイアブレス	
P0230	0770C	21	마법 24	回復薬１	
P0231	0775C	21	마법 25	回復薬２	
P0232	077FC	22	마법 27	投げる	
P0233	0784C	21	마법 28	ジャンプ斬り	
P0234	0789C	21	마법 29	回転斬り	
P0235	078EC	21	마법 30	アッパーカット	
P0236	0793C	21	마법 31	真空斬り	
P0237	0798C	22	마법 32	毒	
P0238	079DC	22	마법 33	痺れ	
P0239	07A2C	22	마법 34	力の呪い	
P0240	07A7C	22	마법 35	反魔力の呪い	
P0241	07ACC	22	마법 36	チャーム	
P0242	07B1C	22	마법 37	コンフュージョン	
P0243	07B6C	22	마법 38	毒牙	
P0244	07BBC	22	마법 39	痺れ牙	
P0245	07D4C	22	마법 44	幻術影縫い	
P0246	07D9C	22	마법 45	幻術めくらまし	
P0247	0838C	5	마법 설명	零。	
P0250	060D0	25	아이템 설명	零壱弐参四五六七＄八九拾	
P0251	060E9	15	아이템 설명	ごく普通の短剣	
P0252	060F8	41	아이템 설명	相手の動きの＄予想が閃く＄効果のある短剣	
P0253	06121	17	아이템 설명	水夫が使うナイフ	
P0254	06132	29	아이템 설명	炎の精霊が宿る＄不思議な短剣	
P0255	0614F	57	아이템 설명	装飾が美しく＄それでいて＄実用性を備えた＄通好みのナイフ	
P0256	06188	21	아이템 설명	切れ味の鋭い＄ナイフ	
P0257	0619D	47	아이템 설명	装備をすると＄不思議な力により＄素早くなる短剣	
P0258	061CC	29	아이템 설명	なぜかハチを＄召喚できる短刀	
P0259	061E9	15	아이템 설명	小型で手頃な剣	
P0260	061F8	9	아이템 설명	鉄製の剣	
P0261	06201	29	아이템 설명	鋼製の＄鋭い切れ味を＄持つ剣	
P0262	0621E	33	아이템 설명	刀身が広く＄高い攻撃力を＄持つ剣	
P0263	0623F	55	아이템 설명	一刀の下に＄あらゆる敵を＄断ち切るという＄謂れのある剣	
P0264	06276	21	아이템 설명	剣の達人も＄認める剣	
P0265	0628B	57	아이템 설명	錆びた剣が＄銀の短剣により＄変化したもの＄雷の効果を持つ	
P0266	062C4	21	아이템 설명	古代から伝わる＄名剣	
P0267	062D9	25	아이템 설명	眠りを誘う＄といわれる剣	
P0268	062F2	37	아이템 설명	カマイタチの＄呪文を刀身に＄刻んだ剣	
P0269	06317	31	아이템 설명	非常に魅惑的な＄刃文を持つ名剣	
P0270	06336	13	아이템 설명	鋼でできた槍	
P0271	06343	51	아이템 설명	疾風の如く＄瞬く間に＄敵を倒すという＄謂れのある槍	
P0272	06376	51	아이템 설명	流星の如く＄瞬く間に＄敵を倒すという＄謂れのある槍	
P0273	063A9	23	아이템 설명	只者では＄無さそうな槍	
P0274	063C0	25	아이템 설명	氷の精霊が宿る＄神秘の槍	
P0275	063D9	27	아이템 설명	剣士ブラッドが＄用いた武器	
P0276	063F4	43	아이템 설명	生まれながらに＄装備している＄とても鋭い牙	
P0277	0641F	15	아이템 설명	ふつうの入れ歯	
P0278	0642E	23	아이템 설명	鋭い牙の付いた＄入れ歯	
P0279	06445	17	아이템 설명	ごく普通の投石棒	
P0280	06456	13	아이템 설명	鉄製の投石棒	
P0281	06463	13	아이템 설명	銀製の投石棒	
P0282	06470	13	아이템 설명	金製の投石棒	
P0283	0647D	25	아이템 설명	美しい装飾のある＄投石棒	
P0284	06496	13	아이템 설명	木でできた杖	
P0285	064A3	43	아이템 설명	ラップの杖が＄銀の短剣により＄変化したもの	
P0286	064CE	29	아이템 설명	ラップじいさん＄から貰った杖	
P0287	064EB	35	아이템 설명	樫の木製の＄叩かれると＄痛そうな杖	
P0288	0650E	41	아이템 설명	水晶でできた＄不思議な力を＄秘めたロッド	
P0289	06537	37	아이템 설명	青真珠が＄埋め込まれた＄美しいロッド	
P0290	0655C	47	아이템 설명	天をも貫く＄不思議な力を持つ＄といわれるロッド	
P0291	0658B	25	아이템 설명	ルビーの装飾が＄美しい杖	
P0292	065A4	29	아이템 설명	白銀の輝きが＄とても美しい杖	
P0293	065C1	15	아이템 설명	眩い光を放つ杖	
P0294	065D0	15	아이템 설명	魔導師が持つ杖	
P0295	065DF	13	아이템 설명	普通の木の弓	
P0296	065EC	17	아이템 설명	鋼鉄製のナックル	
P0297	065FD	13	아이템 설명	ごく普通の服	
P0298	0660A	43	아이템 설명	幸運を呼ぶという＄謂れがある＄ありがたい服	
P0299	06635	13	아이템 설명	皮でできた鎧	
P0300	06642	23	아이템 설명	鉄片を＄組み合わせた鎧	
P0301	06659	11	아이템 설명	青銅製の鎧	
P0302	06664	15	아이템 설명	板金でできた鎧	
P0303	06673	47	아이템 설명	名匠が作った鎧＄高い防御力と＄軽さを兼ね備える	
P0304	066A2	15	아이템 설명	鎖で作られた鎧	
P0305	066B1	49	아이템 설명	陽炎が立つような＄気を発するという＄謂れのある鎧	
P0306	066E2	23	아이템 설명	木綿で織られた＄ローブ	
P0307	066F9	27	아이템 설명	絹で織られた＄高級なローブ	
P0308	06714	27	아이템 설명	神秘の力で＄身を守るローブ	
P0309	0672F	37	아이템 설명	神秘の力で＄攻撃から身を守る＄ローブ	
P0310	06754	37	아이템 설명	神秘の力で＄魔法から身を守る＄ローブ	
P0311	06779	33	아이템 설명	神秘の力で＄魔力を上げる＄ローブ	
P0312	0679A	37	아이템 설명	麻製なので＄通気性が良く＄軽いマント	
P0313	067BF	43	아이템 설명	歴戦の戦士が＄身にまとったと＄されるマント	
P0314	067EA	35	아이템 설명	紋章の刺繍が＄施されている＄マント	
P0315	0680D	37	아이템 설명	射手座の刺繍が＄施されている＄マント	
P0316	06832	41	아이템 설명	伝説の英雄が＄身につけたと＄されるマント	
P0317	0685B	31	아이템 설명	防御力も重量も＄そこそこの防具	
P0318	0687A	27	아이템 설명	ごくごく普通の＄鎖かたびら	
P0319	06895	29	아이템 설명	着用すると＄気合いの入る着物	
P0320	068B2	47	아이템 설명	この世に生を＄受けたときから＄着用している防具	
P0321	068E1	27	아이템 설명	本来の毛皮を＄守る着ぐるみ	
P0322	068FC	33	아이템 설명	驚異的な＄防御力を誇る＄着ぐるみ	
P0323	0691D	9	아이템 설명	木製の盾	
P0324	06926	15	아이템 설명	小型で手頃な盾	
P0325	06935	23	아이템 설명	防御力は高いが＄重い盾	
P0326	0694C	31	아이템 설명	使いこなすには＄忍耐が必要な盾	
P0327	0696B	41	아이템 설명	名匠が作った盾＄軽さと高い防御力＄が特徴	
P0328	06994	27	아이템 설명	鉄板で覆われた＄皮製のこて	
P0329	069AF	39	아이템 설명	忍耐強く＄待つことで＄防御力を上げる盾	
P0330	069D6	11	아이템 설명	不思議な盾	
P0331	069E1	17	아이템 설명	強力な不思議な盾	
P0332	069F2	11	아이템 설명	不思議な盾	
P0333	069FD	27	아이템 설명	不思議な力を＄秘めた白い石	
P0334	06A18	15	아이템 설명	かわいい髪飾り	
P0335	06A27	23	아이템 설명	金でできた＄ペンダント	
P0336	06A3E	17	아이템 설명	魔力が上がる指輪	
P0337	06A4F	21	아이템 설명	防御力が上がる＄指輪	
P0338	06A64	23	아이템 설명	動きが素早くなる＄指輪	
P0339	06A7B	23	아이템 설명	動きが素早くなる＄指輪	
P0340	06A92	23	아이템 설명	動きが素早くなる＄指輪	
P0341	06AA9	17	아이템 설명	賢さが上がる指輪	
P0342	06ABA	17	아이템 설명	賢さが上がる指輪	
P0343	06ACB	23	아이템 설명	幸運を呼び寄せる＄指輪	
P0344	06AE2	23	아이템 설명	幸運を呼び寄せる＄指輪	
P0345	06AF9	23	아이템 설명	幸運を呼び寄せる＄指輪	
P0346	06B10	25	아이템 설명	魔法抵抗力が＄上がる指輪	
P0347	06B29	25	아이템 설명	魔法抵抗力が＄上がる指輪	
P0348	06B42	25	아이템 설명	魔法抵抗力が＄上がる指輪	
P0349	06B5B	7	아이템 설명	お守り	
P0350	06B62	49	아이템 설명	伝説の船乗り＄キャプテン・Ｒ・＄トーマスのメダル	
P0351	06B93	15	아이템 설명	皮製のグローブ	
P0352	06BA2	21	아이템 설명	カッコイイ＄バンダナ	
P0353	06BB7	21	아이템 설명	カッコイイ＄半ズボン	
P0354	06BCC	17	아이템 설명	黒色の頭に巻く布	
P0355	06BDD	11	아이템 설명	頭に巻く布	
P0356	06BE8	17	아이템 설명	顔を隠す小さな布	
P0357	06BF9	13	아이템 설명	意外と鋭い爪	
P0358	06C06	13	아이템 설명	剣士である証	
P0359	06C13	45	아이템 설명	巡礼の証である＄短剣＄通行証代わりにも＄なる	
P0360	06C40	9	아이템 설명	用途不明	
P0361	06C49	37	아이템 설명	どんなカゼでも＄たちどころに＄治る薬	
P0362	06C6E	53	아이템 설명	ニーリの町長＄ラスパから＄アルデの村長に＄宛てた手紙	
P0363	06CA3	37	아이템 설명	アザラシのエサ＄原料は＄魚介類らしい	
P0364	06CC8	35	아이템 설명	船酔いに良く効く＄鷹の爪号の常備薬	
P0365	06CEB	29	아이템 설명	泥炭の中で＄作られる赤い宝石	
P0366	06D08	59	아이템 설명	麦を一度煮立てて＄乾燥させたもの＄保存がきき＄携帯食になる	
P0367	06D43	39	아이템 설명	アンビッシュの＄紋章の入った＄古い指輪	
P0368	06D6A	53	아이템 설명	荒れ地でも育つ＄レンズ豆の種子＄食べることも＄できる	
P0369	06D9F	55	아이템 설명	三都橋でもらった＄通過者１万人目の＄記念品＄用途は不明	
P0370	06DD6	43	아이템 설명	エトス老人が＄ローディのために＄用意した薬	
P0371	06E01	47	아이템 설명	キャラックが＄兄との和解のために＄用意した親書	
P0372	06E30	31	아이템 설명	王妃が＄捕われている＄部屋の鍵	
P0373	06E4F	27	아이템 설명	貴重な天然の＄イチジクの実	
P0374	06E6A	36	아이템 설명	金でできている＄お金	
P0375	06E8E	33	아이템 설명	鉄の錠が＄かかっている所で＄使う	
P0376	06EAF	33	아이템 설명	鋼の錠が＄かかっている所で＄使う	
P0377	06ED0	33	아이템 설명	銅の錠が＄かかっている所で＄使う	
P0378	06EF1	29	아이템 설명	戦闘不能の状態を＄回復する薬	
P0379	06F0E	27	아이템 설명	体力を少しだけ＄回復する薬	
P0380	06F29	31	아이템 설명	体力を回復する薬＄薬草より強力	
P0381	06F48	41	아이템 설명	麻痺や毒から＄眠りまで回復する＄強力な薬	
P0382	085C4	17	마법 설명	カジムの使う麻痺	
P0383	085D5	23	마법 설명	カジムの使う混乱	
P0384	016E0	22	몬스터 76	大サソリ	
P0385	0172C	23	몬스터 77	ファイアーウルフ	
P0386	01778	23	몬스터 78	ウルフ	
P0387	01810	23	몬스터 80	ネクロマンサー	
P0388	0185C	23	몬스터 81	ダークメイジ	
P0389	01940	22	몬스터 84	スケルトン	
P0390	0198C	22	몬스터 85	スケルトン	
P0391	019D8	22	몬스터 86	デビルアーマー	
P0392	01A24	22	몬스터 87	ガーディアン	
P0393	01A70	32	몬스터 88	バダット	
P0394	01ABC	32	몬스터 89	ゴージョ	
P0395	01B08	32	몬스터 90	ガージョ	
P0396	01BA0	23	몬스터 92	大イノシシ	
P0397	01C38	32	몬스터 94	カディムン(ev.)	
P0398	08391	31	마법 설명	ハチを呼び、＄相手を攻撃する。	
P0399	083B0	37	마법 설명	真空の刃を＄飛ばして＄敵を攻撃する。	
P0400	083D5	25	마법 설명	敵一匹を＄炎で攻撃する。	
P0401	083EE	31	마법 설명	敵に氷で＄ダメージを＄与える。	
P0402	0840D	31	마법 설명	敵に雷で＄ダメージを＄与える。	
P0403	0842C	25	마법 설명	敵全員に＄炎で攻撃する。	
P0404	08445	15	마법 설명	敵を眠らせる。	
P0405	08454	23	마법 설명	敵を＄行動不能にする。	
P0406	0846B	37	마법 설명	味方の＄異常ステータスを＄回復する。	
P0407	08490	33	마법 설명	味方一人のＨＰを＄少し回復する。	
P0408	084B1	29	마법 설명	味方一人のＨＰを＄回復する。	
P0409	084CE	29	마법 설명	味方全員のＨＰを＄回復する。	
P0410	084EB	39	마법 설명	戦闘不能になった＄仲間を＄復活させる。	
P0411	08512	23	마법 설명	ダメージを＄軽減する。	
P0412	08529	45	마법 설명	霧をはり、＄敵の攻撃を＄当たりにくく＄する。	
P0413	08556	23	마법 설명	敵を＄行動不能にする。	
P0414	0856D	33	마법 설명	味方一人のＨＰを＄少し回復する。	
P0415	0858E	54	마법 설명	味方全員のＨＰを＄少し回復する。	
