#음성	시작(초)	끝(초)	원문(사용자 받아쓰기 my files/할일/음성 스크립트.txt — 실기 녹음)	번역(«\n» = 다음 자막)	비고
V20	0	6.78	クリス僕たちあの山のずっと向こうまで行ってきたんだねー	크리스, 우리 저 산 훨씬 너머까지\n다녀왔구나.
V20	7.18	16	メナーとチャノムアンビシュ ウドルフュエンテギドナそれにオルドス	메나트, 차놈, 앰비시\n우도르, 퓨엔테, 기드나\n그리고 오르도스.	メナー → メナート
V20	16	20.18	いろんな町や村があったわね	여러 마을과 도시가 있었지.
V20	20.26	26.82	今度旅をすることがあったらダイジャの背骨の向こう側や ガガーブの向こうにも行ってみたいなぁ	다음에 여행하게 되면\n큰 뱀의 등뼈 너머나\n가가브 너머에도 가 보고 싶어.	ダイジャ → 大蛇
V20	26.82	33.82	もし機会があれば2回にだって 私ゲルドの生まれた世界を見てみたいわ	기회가 있다면 이계에도.\n게르드가 태어난 세계를 보고 싶어.	⚠ «2回» → 異界 추정
V20	33.82	38.62	ジュリオン手紙が届いたよ えっ手紙	줄리오, 편지 왔다!\n응? 편지?	ジュリオン → ジュリオ
V20	38.62	42.94	誰からだろう フィリーじゃないの	누구지?\n필리 아니야?
V20	42.94	45.7	違った デルゼル様だよ	아니야. 뒤르젤 님이야.	デルゼル → デュルゼル
V20	45.7	48.42	ちょっぴり期待した そんなことないよ	살짝 기대했지?\n그런 거 아니야.
V20	48.42	50.66	あはは照れてる照れてる	아하하, 쑥스러워한다~
V20	50.66	53.66	うるさいなぁ 読むよ	시끄러워. 읽는다.
V20	53.66	58.98	ジュリオン それにクリス 本当によくやってくれた	줄리오, 그리고 크리스.\n정말 잘해 주었다.
V20	58.98	65.62	今は実感がないかもしれないが お前たちは本当によく頑張った	지금은 실감이 나지 않겠지만\n너희는 정말 잘 해냈다.
V20	65.62	71.94	感謝する この俺にしてもお前たちが来なければ	고맙다.\n나 역시 너희가 오지 않았다면
V20	71.94	78.26	たとえ世界が滅んだとしても重い腰を上げなかっただろう	설령 세계가 멸망한다 해도\n무거운 엉덩이를 들지 않았겠지.
V20	78.26	87.26	われながら全くざまがない 英雄と呼ばれながらその志は忘れ去り	내가 생각해도 참 꼴사납다.\n영웅이라 불리면서 그 뜻은 잊어버리고
V20	87.26	93.98	気がついたらしがらみに縛られて目の前しか見えなくなる	정신 차려 보니 얽매임에 묶여\n눈앞밖에 보지 못하게 되었지.
V20	93.98	99.26	そうなってはおしまいだ 英雄とは	그렇게 되면 끝이다.\n영웅이란
V20	99.26	105.38	常に人々と共にあるべきものだと思う それは	언제나 사람들과 함께해야 할\n존재라고 생각한다. 그것은
V20	105.38	114.06	特定の者の思惑を守る者でも 戦いで名を馳せる武人でもない	특정한 자의 속셈을 지키는 자도\n싸움으로 이름을 떨치는 무인도 아니다.
V20	114.06	122.9	純粋に弱き者の心がわかり いつも前向きでいる者のことだろう	순수하게 약한 자의 마음을 알고\n언제나 앞을 바라보는 자를 말하는 것이겠지.
V20	122.9	133.78	俺なんかよりゲルドやお前たちこそが 英雄と呼ばれるにふさわしいのだ	나 따위보다 게르드와 너희야말로\n영웅이라 불리기에 어울린다.
V20	133.78	138.86	さて こんな昔話がある	그런데, 이런 옛이야기가 있다.
V20	138.86	145.1	俺がまだ宮廷剣士になる前のことだ	내가 아직 궁정 검사가 되기 전의 일이다.
V20	145.1	151.94	剣士に憧れる俺は 武者修行を気取って旅をしていた	검사를 동경하던 나는\n무사 수행 흉내를 내며 여행하고 있었다.
V20	151.94	158.86	そんな時 魔法の都オルトスを作った大魔道士	그때 마법의 도시 오르도스를 만든\n대마도사	オルトス → オルドス
V20	158.86	166.34	オルテガが陰虚したと耳にした	오르테가가 은거했다는 소식을 들었다.	陰虚 → 隠居
V20	166.34	173.54	彼が極めた数々の魔法の話は 剣士が修行を継ぐのに似ていて	그가 익힌 수많은 마법 이야기는\n검사가 수행을 쌓는 것과 닮아서	継ぐ → 積む
V20	173.54	180.34	以前から興味があった 俺は彼の居場所を探し出し	전부터 관심이 있었다.\n나는 그가 있는 곳을 찾아내
V20	180.34	189.26	山間の村を訪ねてみた ティラスイール切手の大魔法使い	산골 마을을 찾아갔다.\n티라스이르 굴지의 대마법사	切手 → 屈指
V20	189.26	197.5	とまで呼ばれたオルテガは 普通の人として平穏に暮らしていた	라고까지 불린 오르테가는\n평범한 사람으로 평온하게 살고 있었다.
V20	197.5	203.78	彼は血の気の多い当時の俺にも 優しく接してくれ	그는 혈기 왕성하던 그 시절의 내게도\n다정하게 대해 주었고
V20	203.78	210.18	俺は様々なことを学んだ オルテガを心の使徒	나는 여러 가지를 배웠다.\n오르테가를 마음의 스승으로	心の使徒 → 心の師と
V20	210.18	219.52	仰ぐ関係は俺がルード城の宮廷 剣士になった後も続いた	우러르는 관계는 내가 루드 성의\n궁정 검사가 된 뒤에도 이어졌다.
V20	219.52	225.86	やがて月日が経ち イザベルがこの世界に現れ	이윽고 세월이 흘러\n이자벨이 이 세계에 나타났고
V20	225.86	234.22	しばらくしてゲルドが現れた この戦いについては以前に話した	얼마 후 게르드가 나타났다.\n이 싸움에 대해서는 전에 말한
V20	234.22	240.78	通りだ 倒れた白き魔女の横には	대로다.\n쓰러진 하얀 마녀 곁에는
V20	240.78	248.42	一本の杖が転がっていた 俺はその残された杖に	지팡이 하나가 굴러 있었다.\n나는 그 남겨진 지팡이에서
V20	248.42	257.52	世界を憂うゲルドの思いを感じ 彼女を埋葬した後その杖を持ち	세계를 걱정하는 게르드의 마음을 느꼈다.\n그녀를 묻은 뒤 그 지팡이를 들고
V20	257.52	265.4	オルテガを訪ねた 彼はその杖を見て驚愕した	오르테가를 찾아갔다.\n그는 그 지팡이를 보고 경악했다.
V20	265.4	274.94	杖には創造を絶する力が秘められ ゲルドの意志そのものが吹き込まれていた	지팡이에는 상상을 초월하는 힘이 깃들어\n게르드의 의지 그 자체가 담겨 있었다.	創造 → 想像
V20	274.94	282.7	力を有する杖も諸刃の剣と同じだ 使うべきときに使うべきものが	힘을 지닌 지팡이도 양날의 검과 같다.\n써야 할 때 써야 할 자가
V20	282.7	289.74	使用しなければ力は呪いと呼ばれる ことになる	쓰지 않으면\n그 힘은 저주라 불리게 된다.
V20	289.74	296.1	俺はオルテガにゲルドの杖を託 すことにした	나는 오르테가에게\n게르드의 지팡이를 맡기기로 했다.
V20	296.1	305.1	彼は自らの魔法の力と引き換え に杖に秘められた力を封印し	그는 자신의 마법의 힘과 맞바꾸어\n지팡이에 깃든 힘을 봉인하고
V20	305.1	312.1	ゲルドの丘で銀の短剣と並べた ときにその力が発動するように	게르드의 언덕에서 은 단검과 나란히 놓았을 때\n그 힘이 발동하도록
V20	312.1	318.74	してくれた クリスの持っていた杖がなぜあれ	해 주었다.\n크리스가 가진 지팡이가 왜 그토록
V20	318.74	327.98	ほどの力を発揮したのかこれで わかってもらえたと思う	큰 힘을 발휘했는지\n이제 알았으리라 생각한다.
V20	327.98	335.38	まあ何はともあれお前たちは巡礼 の旅を立派に終えた	어쨌든 너희는\n순례 여행을 훌륭히 마쳤다.
V20	335.38	344.08	たくさんの街を目にし数えきれない 人に会いいろいろな経験をした	많은 도시를 보고 셀 수 없는 사람을 만나\n여러 경험을 했겠지.
V20	344.08	351.54	だろう だが大切なのはその経験をどう受け	하지만 중요한 것은\n그 경험을 어떻게 받아들이고
V20	351.54	360.02	止めどのように生かせるかだ いくら貴重な体験をしても自分の	어떻게 살리느냐다.\n아무리 귀중한 경험을 해도
V20	360.02	369.58	人生に生かせなければ意味がない この旅を忘れるなよ	자신의 인생에 살리지 못하면 의미가 없다.\n이 여행을 잊지 마라.
V20	369.58	374.38	ゲルドとお前たちが守り抜いた 世界だ	게르드와 너희가 끝까지 지켜 낸 세계다.
V20	374.38	381.42	間違った方向に進ませないことも 次の世代を担うお前たちの役目	잘못된 방향으로 나아가지 않게 하는 것도\n다음 세대를 짊어질 너희의 몫이다.
V20	381.42	391.42	なのだ いいかいい大人になるんだぜ	알겠나, 좋은 어른이 되거라.
V20	391.42	401.22	英雄の心を持ち続ける 追伸ジュリオよ	영웅의 마음을 잃지 않는 어른이.\n추신. 줄리오에게.
V20	401.22	410.14	頑丈で鋭い剣だけが良い剣ではない 時には刃がこぼれすぐにも折れ	튼튼하고 날카로운 검만이 좋은 검은 아니다.\n때로는 이가 빠져 금방이라도 부러질
V20	410.14	419.66	そうな剣が最良の名剣となることがある 人の世も格はあらない	것 같은 검이 최고의 명검이 되기도 한다.\n사람 사는 세상도 그러하다.	⚠ «格はあらない» 불명 — 人の世もまた然り 로 추정
