#음성	시작(초)	끝(초)	원문(사용자 받아쓰기 my files/할일/음성 스크립트.txt)	번역(«\n» = 다음 자막)	비고
V02	3	8.12	ジュリオ…クリス…	줄리오… 크리스…
V02	9.3	10.8	ラップ爺さん!	랩 할아범!
V02	11.3	18	え、え、だぁ、言い忘れたことがあるんじゃ	에, 에헴. 깜빡 잊고 못 한 말이 있어서 말이야.
V02	18	20	あら、何かしら?	어머, 뭔데요?
V02	20	30	では、これから巡礼の旅に出る、若きジュリオとクリスに、この足から一言だけ!	그럼, 이제 순례 여행을 떠나는\n젊은 줄리오와 크리스에게\n이 몸이 한마디만!	⚠ «この足から» → このわしから 추정
V02	30	33	心を構えよう!	마음가짐을 일러 주마!	⚠ «心を構えよう» → 心構えを 추정
V02	33	35	一言で済むのかな?	한마디로 끝나려나?
V02	36	38	何をごちゃごちゃ言っとる?	뭘 구시렁거리는 게냐?
V02	38	42	いいか、二人とも、よーくお聞き!	알겠느냐, 둘 다 잘 들어라!
V02	43	48	村を一歩出たら、お前たちは色々なことに出会うじゃろう	마을을 한 발짝 나서면\n너희는 온갖 일을 겪게 될 게다.
V02	48	51	良いこともあれば、悪いこともある	좋은 일도 있고 나쁜 일도 있지.
V02	51	60	じゃが、たとえ悪いことにぶち当たっても、暗い顔なんかしてはならんぞ	하지만 설령 나쁜 일에 부딪히더라도\n어두운 얼굴을 해서는 안 된다.
V02	57	64	また、悪いことが起こるんじゃないかとビクビクしていたら、災難の方から寄ってくる	또 나쁜 일이 생길까 봐 벌벌 떨면\n재난이 먼저 다가오는 법이야.
V02	64	68	物事は良い方に考える、それが一番じゃ	일은 좋은 쪽으로 생각하는 것.\n그게 제일이지.
V02	68	70	うん、わかったわ	응, 알았어요.
V02	70	74	クリス、お前に渡すものがある	크리스, 너한테 줄 게 있다.
V02	74	77	おり、持って行くがいい	옜다, 가져가거라.	⚠ «おり» → ほれ 추정
V02	77	82	これ、ラップ爺さんの大事な杖じゃないの?	이거, 랩 할아범의 소중한 지팡이잖아요?
V02	82	88	なーに、わしが持っていても物欲しさを代わりにしかならん、遠慮することはない	뭘, 내가 갖고 있어 봐야\n지팡이 노릇밖에 못 한다. 사양 마라.	⚠ «物欲しさを代わり» 불명 — 杖代わり 추정
V02	88	91	ありがとう、ラップ爺さん	고마워요, 랩 할아범.
V02	91	95	じゃあね、ラップ爺さん、あんまり村長さんを困らせちゃダメだよ	잘 있어요, 랩 할아범.\n촌장님 너무 곤란하게 하면 안 돼요.
V02	95	98	一発の口を聞きよって	건방진 소리를 하기는.	⚠ «一発の口» → 一端の口 추정
V02	98	101	道中、気をつけてな	가는 길 조심하거라.
V03	0	7.88	クリス見てよこんなに水が澄んでるなんて 井戸水だってここまで綺麗じゃないよ	크리스, 이것 봐! 물이 이렇게 맑다니.\n우물물도 이만큼 깨끗하진 않아.
V03	7.88	12.74	ジュリア銀の探検を屋台座に乗っていいの あっ	줄리오, 은 단검을 제단에 올려야지.\n앗.	⚠ «屋台座に乗って» → 台座に乗せて 추정
V03	12.74	18.72	いっけねー まったく子供なんだから自分だって子供じゃないか	아차! 하여튼 애라니까.\n자기도 애면서.
V03	18.72	24.86	あなたより大人よ たった一つだろたった一つでも大人は大人	너보단 어른이거든?\n겨우 한 살이잖아. 한 살이라도 어른은 어른이야.
V03	24.86	29.52	わかったクリスは僕よりも一つおばさんだよ	알았어. 크리스는 나보다 한 살 아줌마야.
V03	29.52	37.2	おばさーん その言い方気に入らないわなんだよ自分で大人だって言ったじゃないか	아줌마?! 그 말투 마음에 안 들어.\n뭐야, 자기가 어른이라며.
V03	37.2	42.42	表現の仕方があるでしょ 素敵な大人のお姉さんとか	표현 방법이란 게 있잖아.\n멋진 어른 누나라든가.
V03	42.42	47.74	チェ勝手なんだから早く銀の探検を行きましょうや	쳇, 제멋대로라니까.\n빨리 은 단검 올리고 가자.	⚠ 끝 «行きましょうや» 불명
V03	48.26	54.5	なんだかワクワクするね私はドキドキするわー	왠지 설레네.\n나는 두근두근해~
V04	3	5	おや?君たちは?	오야? 너희는?
V04	5	8	おじさんはっこおじさんでしょ?	아저씨, 하크 아저씨죠?	⚠ «はっこ» → ハック 추정
V04	8	12	あたしラグピック村のクリスチーナです	저 라그픽 마을의 크리스티나예요.
V04	12	13	ん?	응?
V04	13	20	おお!君があのクリスか!大きくなったねー!兄さんたちは元気かい?	오오! 네가 그 크리스로구나!\n많이 컸구나! 내외는 잘 지내시니?
V04	20	22	ええ!とっても元気です!	네! 아주 잘 지내세요!
V04	22	26	あ、そうだ!紹介するわ!幼馴染のジュリオです!	아, 맞다! 소개할게요.\n소꿉친구 줄리오예요!
V04	26	27	こんにちは!	안녕하세요!
V04	27	29	ようこそジュリオくん!	어서 오게, 줄리오 군!
V04	29	33	ああ、立ち話もなんだから!まあ、かけとまえ!	서서 얘기하기도 뭣하니\n자, 앉게나!
V04	35	38	しかし、突然どうしたんだね?	그런데 갑자기 무슨 일이니?
V04	38	41	ラグピック村からはかなり遠かったろう	라그픽 마을에서 꽤 멀었을 텐데.
V04	41	46	あ、まさか…駆け落ち?	아, 설마… 사랑의 도피?
V04	46	51	おじさんたらやだ!あたしたち巡礼の旅なんです!	아저씨도 참! 저희 순례 여행 중이에요!
V04	51	56	な、なんと!巡礼の旅だって!?	뭐, 뭐라고! 순례 여행이라고?!
V04	56	59	ええ!	네!
V04	59	61	それは素晴らしい!	그거 훌륭하구나!
V04	61	65	君たちは白き魔女の歩いた道をたどっているわけだ!	너희는 하얀 마녀가 걸은 길을\n따라가고 있는 셈이로군!
V04	65	68	これもまた運命のいたずらか!	이 또한 운명의 장난인가!
V04	68	71	数々の予言、波乱に満ちた生涯!	수많은 예언, 파란만장한 생애!
V04	71	74	私は彼女の研究に反省をかけてきた!	나는 그녀의 연구에 반평생을 바쳐 왔다!	反省 → 半生
V04	74	77	変わり者扱いされるのもそのせいと言えよ!	괴짜 취급을 받는 것도\n그 탓이라 할 수 있지!
V04	77	79	だがしかーし!	하지만~!
V04	79	82	私は真実を見極めなくてはならない!	나는 진실을 밝혀내야만 한다!
V04	82	86	たとえ全てを投げ撃ってもだ!	설령 모든 것을 내던지더라도!
V04	86	89	借金は投げ撃たないでくださいよ	빚은 내던지지 마시라고요.
V04	89	93	あ?ご、ご、ごっちさん…	앗? 고, 고, 고치 씨…	ごっち → ゴッチ(본편 빚 목록)
V04	93	98	今日こそ先生にお貸ししたお金、耳を揃えて払ってもらいますよ	오늘이야말로 빌려드린 돈\n한 푼도 빠짐없이 갚아 주셔야겠습니다.
V04	98	103	もう少しだけ待ってくれないか?来週中には必ず…	조금만 더 기다려 주지 않겠나?\n다음 주 안에는 꼭…
V04	103	107	先生、困りますね!確か先週もそうおっしゃいましたよ	선생님, 곤란합니다!\n분명 지난주에도 그렇게 말씀하셨죠.
V04	107	112	そ、そうだっけ?	그, 그랬던가?
V04	112	115	何だったら、制約書をお見せしましょうか	뭣하면 차용증을 보여 드릴까요?	制約書 → 誓約書
V04	115	118	あ、そ、そうだ!	아, 그, 그래!
V04	118	123	そこの棚にいくらか入っていたような…	거기 선반에 얼마쯤 들어 있었던 것 같은데…
V04	123	126	この棚ですか?	이 선반 말입니까?
V04	126	131	ああ、ああ、2段目か、3段目…	그래, 그래. 두 번째 칸인가 세 번째 칸…
V04	131	134	もしかしたら一番上かも…	어쩌면 맨 위일지도…
V04	134	138	たく、しっかりしてくださいよ	참, 정신 좀 차리세요.
V04	138	140	おじさん、借金って?	아저씨, 빚이라니요?
V04	140	146	シッ!クリス、ジュリオ君、ご覧の通りの展開によって	쉿! 크리스, 줄리오 군.\n보다시피 이렇게 된 이상
V04	146	149	私は窓から逃げることになってしまった	나는 창문으로 도망치게 되었다.
V04	149	152	これもまた運命のいたずら	이 또한 운명의 장난.
V04	152	156	いつの日かまた会えるだろう	언젠가 또 만날 수 있겠지.
V04	156	161	先生、コイン一枚見当たりませんが…	선생님, 동전 한 닢도 안 보이는데요…
V04	161	168	先生、まさか、先生は?	선생님? 설마… 선생님은?
V04	168	175	くそ!また逃げられた!	젠장! 또 놓쳤다!
V04	175	180	お父さんの言った通り、少し変わってるみたいね	아빠 말대로 좀 별난 분인가 봐.
V04	180	185	少しじゃない気がする	좀이 아닌 것 같은데.
V04	185	191	ああ!大変!船が出ちゃう!ジュリオ、急がなくちゃ!	아! 큰일이다! 배가 떠나겠어!\n줄리오, 서둘러야 해!
V04	195	196	うん!	응!
V05	0	19.5	あ!揺れてる!地震よ!地震だわ!私地震って大嫌い!	앗! 흔들려! 지진이야! 지진이라고!\n난 지진 정말 싫어!
V05	19.5	22	僕だって嫌いだよ!あ!あーーーーー!	나도 싫어! 아! 아아아아-!
V05	22	26	はぁ、やっと終わった。	하아, 겨우 멈췄다.
V05	26	32	地震は収まったけど、通路が塞がっちゃった。	지진은 멎었는데 통로가 막혀 버렸어.
V05	32	33	うん。	응.
V05	33	37	もしかして私たち行きうめ?	혹시 우리 생매장이야?	行きうめ → 生き埋め
V05	37	39	うん。	응.
V05	39	41	そんなの嫌!	그런 거 싫어!
V05	41	43	僕だって嫌だ。	나도 싫어.
V05	43	45	他に出口はないの?	다른 출구는 없어?
V05	45	47	多分ないよ。	아마 없을걸.
V05	47	48	どうして?	왜?
V05	48	51	だってここがこの探鉱の一番底みたいだもん。	여기가 이 탄광 맨 밑바닥 같거든.	探鉱 → 炭坑
V05	51	58	そんな救いのないことを言わないでよ。なんで私がこんなとこで生き埋めにならなくちゃならないの?	그런 절망적인 소리 하지 마.\n내가 왜 이런 데서\n생매장을 당해야 하는데?
V05	58	62	白王子さん風に言うと、運命の悪戯ってやつかな。	하크 아저씨 식으로 말하면\n운명의 장난이란 건가.	⚠ «白王子さん» → ハックおじさん 추정
V05	62	65	そんな運命嫌!	그런 운명 싫어!
V05	65	67	そんなことを言ったって。	그런 말 해 봤자.
V05	67	69	誰か、助けに来てくれないかな。	누가 구하러 와 주지 않으려나.
V05	69	72	うん、それを待つしかないよ。	응, 그걸 기다리는 수밖에 없어.
V05	72	74	誰か、来てくれるかな。	누가 와 줄까?
V05	74	76	分かんない。	모르겠어.
V05	76	80	どうしてあんたはそう救いのないことばかり言うの?	넌 왜 그렇게 절망적인 소리만 하니?
V05	80	82	だって、分かんないもん。	모르니까 그렇지.
V05	82	87	まったく、少しはか弱い女性を励まそうとは思わないの?	정말, 연약한 여자를 좀 격려해 줄 생각은 없는 거야?
V05	87	89	誰がか弱いの?	누가 연약한데?
V05	89	90	こ、こんな。	이, 이게!
V05	90	93	あれ、待って、何か聞こえる。	어? 잠깐, 뭔가 들려.
V06	4	6	おじさん、こんなところで何してんの?	아저씨, 이런 데서 뭐 해요?
V06	6	8	別に、何もしておらん	딱히 아무것도 안 하오.
V06	8	10	なんだか、ぼーっとしてたみたい	왠지 멍하니 있는 것 같던데.
V06	10	13	わたしは、ぼーっとなどしておらん	나는 멍하니 있지 않았소.
V06	13	15	うーん	으음.
V06	15	18	もしかしたら、お腹が減ってるのかもしれないよ	어쩌면 배가 고픈 걸지도 몰라.
V06	18	20	うん、そうみたい	응, 그런 것 같아.
V06	20	23	ねえ、おじさん、もしかしてお腹すいてるの?	저기 아저씨, 혹시 배고파요?
V06	23	27	いきなり何を言うか、わたしは、腹などすいておらん	갑자기 무슨 소리요.\n나는 배 따위 고프지 않소.
V06	27	29	そんな意地張りなのに	고집부리기는.
V06	29	34	旅の途中でお腹すかしてると、生き倒れになっちゃうわよ	여행 중에 배를 곯으면\n길에서 쓰러져 죽는다고요.
V06	34	35	い、生き倒れ?	기, 길에서 쓰러져?
V06	35	37	クリス、やめときなよ	크리스, 그만둬.
V06	37	43	街道でなら話はわかるけど、村の中で生き倒れになるなんて、みっともないでしょ?	가도라면 몰라도\n마을 안에서 쓰러지다니 창피하잖아요?
V06	43	45	ぶ、無礼者め!	무, 무례한 것!
V06	45	47	わたしが生き倒れになるだと!?	내가 길에서 쓰러진다고?!
V06	47	50	仮にも、このわたしに向かって…	감히 이 나에게…
V06	50	52	わたしは、腹などすいておらん!	나는 배 따위 고프지 않소!
V06	52	54	そのようなことがあってたまるものか!	그런 일이 있을 리가 있겠소!
V06	54	56	またそんなこと言ってるの?	또 그런 소리 해요?
V06	56	62	誰だってお腹はすくの!旅をするんなら、もっと素直にならなきゃ長生きできないわよ、おじさん!	누구나 배는 고파요!\n여행을 하려면 좀 더 솔직해야\n오래 살 수 있다고요, 아저씨!
V06	62	65	お、おじさんだと…	아, 아저씨라고…
V06	65	68	わたしをおじさん呼ばわりするとは、この無礼者!	나를 아저씨라 부르다니, 이 무례한 것!
V06	68	70	無礼者とは何よ、おじさん!	무례한 것이라니 뭐예요, 아저씨!
V06	70	71	おじさんと呼ぶでない!	아저씨라 부르지 마시오!
V06	71	73	おじさんはおじさんでしょ、おじさん!	아저씨는 아저씨죠, 아저씨!
V06	84	87	こんなときに腹が鳴るとは…	이럴 때 배가 울리다니…
V06	87	89	わたしの負けだ…	내가 졌소…
V06	89	93	ジュリオ、確かエミネさんにもらった乾燥麦があったわよね?	줄리오, 분명 에메나 씨한테 받은\n건조 보리가 있었지?	エミネ → エメナ
V06	93	96	うん、えっと、これだね!	응, 어디 보자… 이거구나!
V06	96	101	おじさん、負けたんだから言うことを聞きなさいよ	아저씨, 졌으니까 말 들어요.
V06	101	103	はい、これを食べなさい	자, 이거 드세요.
V06	103	105	お嬢さん…	아가씨…
V06	105	107	いいから、早く食べてよ	됐으니까 빨리 드세요.
V06	107	110	でも、見られてると恥ずかしいの	하지만 보고 있으면 부끄러운데…
V06	110	113	世話のかかるおじさんね	손이 많이 가는 아저씨네.
V06	113	117	わかったわ、わたしたち少し離れてるから	알았어요. 저희 좀 떨어져 있을게요.
V06	117	122	…性格はきついが、なかなかいい娘だな	…성격은 드세지만 꽤 괜찮은 아가씨로군.
V06	122	124	なんか言った?	뭐라고 했어요?
V06	124	126	いや、何も言っておらん	아니, 아무 말도 안 했소.
V06	126	130	残さずに、ちゃんと全部食べるのよ、おじさん	남기지 말고 전부 드세요, 아저씨.
V07	0	2	うりゃあああああああ!	우랴아아아아!
V07	2	4	ん?	응?
V07	8	10	うっ!追い詰めたぞ!	읏! 몰아넣었다!
V07	10	12	大人しく俺の荷物を返すんだ!	얌전히 내 짐을 돌려줘라!
V07	18	20	あら、ローディーさん!	어머, 로디 씨!
V07	20	22	ほんとだ!ローディー!	정말이다! 로디!
V07	22	24	え?	어?
V07	24	26	ローディー、危ない!	로디, 위험해!
V07	26	28	え?	어?
V07	28	30	うわああああ!	우와아아아!
V07	34	36	痛い!	아야!
V07	36	38	痛い!	아야!
V07	38	40	腰を打っちまった!	허리를 부딪쳤어!
V07	40	42	ローディーとやら、手を貸そうか?	로디라고 했던가, 도와줄까?
V07	42	44	この程度の雑魚、俺一人で十分!	이 정도 잔챙이는 나 혼자로 충분해!
V07	44	46	助け出しは無用だ!	도움은 필요 없어!	助け出し → 手出し
V07	46	48	ん?	응?
V07	48	50	どうしたや、俺の名を!	어떻게 내 이름을!	⚠ «どうしたや» → どうして 추정
V07	50	52	痛い痛い痛い!	아야야야!
V07	52	54	やはり私も…	역시 나도…
V07	54	56	いらん!	필요 없어!
V07	56	58	うりゃあああああああ!	우랴아아아아!
V08	2.56	5.6	おお!あんたら聞いとくれ!	오오! 자네들 내 말 좀 들어 보게!
V08	5.6	8.4	わしはただ茶農に行きたいだけなんじゃ!	나는 그냥 차놈에 가고 싶을 뿐이야!	茶農 → チャノム
V08	8.4	11.04	これ通行証もちゃんと持っておる!	이렇게 통행증도 제대로 갖고 있다고!
V08	11.04	14.64	なのにこの若造が頑固でのー!	그런데 이 애송이가 고집불통이라!
V08	14.64	16.6	わしを通してくれんのじゃ!	나를 안 보내 주는 게야!
V08	16.6	18.12	それはひどいわ!	그건 너무해요!
V08	18.12	20.88	頑固はお互い様だろ!	고집불통은 피차일반이지!
V08	20.88	25.28	だいたい見ず知らずの旅人を味方につけようって根担がせこいぜ!	애초에 생판 모르는 여행자를\n제 편으로 만들려는 속셈이 치사하다고!	根担 → 魂胆
V08	25.28	29.44	ふん!お前をすんがわからず屋に育てた覚えはないぞ!	흥! 너를 그런 벽창호로\n키운 기억은 없다!	⚠ «すんが» → そんな 추정
V08	29.44	30.36	あ…え?	아… 어?
V08	30.36	33.52	こんな時だけじいさん風吹かすなよ!	이럴 때만 할아버지 행세하지 마!
V08	33.52	37.12	この人、モンバンさんのおじいさんなの?	이 사람, 문지기 씨의 할아버지예요?	モンバン → 門番
V08	37.12	38.84	あーそうさ!	그래, 맞아!
V08	38.84	42.88	俺のじいさんなんだけど、ギャンブル好きで困ってんだ	우리 할아버지인데\n도박을 좋아해서 골치야.
V08	42.88	47.36	どうせダイスの街で賭けごとに金を突っ込む気なんだろ?	어차피 다이스 거리에서\n도박에 돈을 쏟아부을 생각이지?
V08	47.36	49.96	俺は実の孫として情けないよ!	친손자로서 한심하다고!
V08	49.96	53.4	何を言うか!ギャンブルは男のロマンじゃ!	무슨 소리냐! 도박은 사나이의 로망이야!
V08	53.4	57.6	すっからガンになって無一文で帰ってくるのがロマンかよ!	빈털터리가 돼서 맨손으로 돌아오는 게 로망이야?!
V08	57.6	60.08	いい加減にカジの遊びなんかやめろよ!	이제 그만 카지노 놀음 좀 그만둬!
V08	60.08	60.8	放送かい!	그러냐!	⚠ «放送かい» → そうかい 추정
V08	60.8	61.92	あーそうさ!	그래!
V08	65.92	68.36	わかりましたよ、行かなきゃいいんでしょ?	알았다, 알았어. 안 가면 될 거 아니냐?
V08	68.36	71	そうかい、そうかい!	그러냐, 그러냐!
V08	71	74.72	じゃなんだ、お前はこのか弱い年寄りに	그럼 뭐냐, 너는 이 연약한 늙은이더러
V08	74.72	78.52	今からデュエールに一人で戻れと言うんだな	지금부터 튀에르로 혼자 돌아가라는 게로구나.	デュエール → テュエール
V08	78.52	81.16	この辺りの街道は魔獣も多い	이 근방 가도는 마수도 많지.
V08	81.16	87.6	ともがしが帰る途中、魔獣の餌になればいいと思ってるんじゃな	내가 돌아가는 길에\n마수 밥이나 되라는 게로구나.
V08	87.6	91.72	こんなこと一言も言ってないじゃないか!	그런 말 한마디도 안 했잖아!
V08	91.72	94.4	だいたい何がか弱い年寄りだよ	대체 뭐가 연약한 늙은이야.
V08	94.4	98.04	いつもは魔獣なんか気にもしないで、一人でうろうろしてるくせに	평소엔 마수 따윈 신경도 안 쓰고\n혼자 잘만 돌아다니면서.
V08	98.04	100.88	おお!なんという冷たい奴だ!	오오! 이 무슨 냉정한 놈이냐!
V08	100.88	102.2	もう前には頼まん!	이제 너한텐 부탁 안 한다!
V08	102.2	104.8	この人たちに連れて行ってもらうわい!	이 사람들이 데려가 줄 게야!
V08	104.8	107	え?なんでそうなるの?	네? 왜 그렇게 되는데요?
V08	107	110.12	俺たちは一緒に行くことを了解したわけじゃないぜ!	우린 같이 가기로 한 적 없어요!
V08	110.12	116.24	まさか、あんたらもわしに魔獣の餌になれと?	설마 자네들도 나더러 마수 밥이 되라는 겐가?
V08	116.24	118.6	そんなこと言ってねえよ!	그런 말 안 했다고요!
V08	118.6	120.04	じゃ、いいのじゃな!	그럼 된 게로구나!
V08	120.04	122.88	もう、時間がもったいないわ!	정말, 시간 아까워!
V08	122.88	125.44	ダイスまでなんだから連れて行ってあげましょうよ!	다이스까지니까 데려다 드려요!
V08	125.44	128.96	いいぞべっぴんさん!わしもその意見に賛成じゃ!	좋구나, 아가씨! 나도 그 의견에 찬성이야!
V08	128.96	131.68	まったく調子のいいじいさんだな!	정말 넉살 좋은 할아범이네!
V09	7.84	11.4	あれ、蝶々	어, 나비다.
V09	11.4	13.72	ああ、そうだな	아아, 그렇네.
V09	13.72	17.04	まるで僕たちを呼んでいるみたい	마치 우리를 부르는 것 같아.
V09	17.04	19.48	あ、そうだ	아, 맞다.
V09	19.48	22.28	あのさ、思い出したよ	있잖아, 생각났어.
V09	22.28	23.4	何を?	뭘?
V09	23.4	27	シフールの魔法の鏡で見たんだよ、あの蝶々	시풀의 마법 거울에서 봤어, 저 나비.
V09	27	27.88	蝶々?	나비?
V09	27.88	32.32	うん、それに森を歩いている映像を見たんだ	응. 그리고 숲을 걷는 모습도 봤어.
V09	32.32	34	ちょうど今みたいに	꼭 지금처럼.
V09	34	38.48	そういえばジュリオさんは巡礼の旅人でしたよね	그러고 보니 줄리오 씨는\n순례 여행자셨죠.
V09	38.48	41.8	魔法の鏡は未来を映し出したり	마법 거울은 미래를 비추거나
V09	41.8	46.2	警告や予言を精霊たちが与えてくれる場所だと聞きます	정령들이 경고나 예언을\n내려 주는 곳이라고 들었어요.
V09	46.2	51.28	きっとジュリオさんがここへ来ることを暗示していたのですね	분명 줄리오 씨가 여기 오리라는 걸\n암시하고 있었던 거예요.
V09	51.28	55.6	聖獣アルグレスってどんな生き物なんだろう	성수 알그레스는 어떤 생물일까?
V09	55.6	58.68	魔法の鏡で水牛みたいな動物を見たけど	마법 거울에서 물소 같은 동물을 봤는데.
V09	58.68	60.6	それですわ、きっと	분명 그거예요.
V09	60.6	64.24	ジュリオさんがアルグレスの角が必要になると知って	줄리오 씨에게 알그레스의 뿔이\n필요해질 걸 알고
V09	64.24	67.4	魔法の鏡を通じて教えてくれたのですわ	마법 거울로 알려 준 거예요.
V09	67.4	69.84	でも誰が?	하지만 누가?
V09	69.84	72.16	白き魔女かな	하얀 마녀일까.
V09	72.16	73.44	知り合いなのかい?	아는 사이야?
V09	73.44	75.4	そうじゃないけど	그런 건 아니지만.
V09	75.4	78.88	なんとなくそう思っただけ	그냥 왠지 그런 생각이 들었어.
V09	78.88	81.8	まあ、誰でもいいか	뭐, 누구든 상관없나.
V09	81.8	86.44	ここに来たことがハズレじゃないってことだね	여기 온 게 헛걸음은 아니라는 거네.
V10	2	7	この席署を越えれば、フュエンテだね。今まで、ありがとう	이 관문을 넘으면 퓨엔테구나.\n지금까지 고마웠어.	席署 → 関所
V10	7	12	フィリーさんとは、ここでお別れね	필리 씨와는 여기서 작별이네.
V10	12	17	あのー、私、途中までご案内します	저기, 제가 중간까지 안내해 드릴게요.
V10	17	22	あ、どうして?あなたはハイセンの方でしょ?	어? 왜? 당신은 하이젠 사람이잖아?	ハイセン → ハイゼン
V10	22	27	フォルクまでは、とても寂しい道です。お二人だけでは心配です	홀크까지는 아주 외진 길이에요.\n두 분만으로는 걱정돼요.	フォルク → ホルク
V10	27	32	でも、フォルクからフィリーさんは、どう帰るつもりなの?	그런데 홀크에서 필리 씨는\n어떻게 돌아갈 생각이야?
V10	32	40	私なら大丈夫です。とてもご案内できる道ではありませんが、フォルクから私のお家に戻る近道があります	저는 괜찮아요.\n안내해 드릴 만한 길은 아니지만\n홀크에서 저희 집으로 가는 지름길이 있어요.
V10	40	44	ですから、フォルクまでご一緒しますわ	그러니 홀크까지 함께 갈게요.
V10	44	47	ジュリオさんさえ、よろしければ	줄리오 씨만 괜찮으시다면요.
V10	47	51	何よ、そのジュリオさんさえっていうのは	뭐야, 그 '줄리오 씨만'이라는 건.
V10	51	55	僕なら、別にいいけど、クリスは?	나는 괜찮은데, 크리스는?
V10	55	57	いいんじゃない?	괜찮지 않아?
V10	57	59	なんで急に大きな声を出すんだよ	왜 갑자기 큰 소리를 내는 거야.
V10	59	65	別に、いいわよ。仲間が多い方が心強いもんね	별로. 좋아. 동료가 많은 게 든든하니까.
V10	65	69	では決まりですね。私も参ります	그럼 결정됐네요. 저도 함께 갈게요.
