#음성	시작(초)	끝(초)	원문(사용자 받아쓰기 work/movie/d1/음성 스크립트.txt)	번역(«\n» = 다음 자막)	비고
V01	6.92	9.12	ジュリア	줄리오~	ジュリア → ジュリオ
V01	9.12	10.92	ジュリア出番!	줄리오, 어서 나오렴!	⚠ «出番» 불명 — 부르는 말로 번역
V01	10.92	16.92	ごめんねクリス、せっかく迎えに来てくれたのに、今起きたところなのよ	미안해 크리스.\n모처럼 데리러 와 줬는데\n이제 막 일어났단다.
V01	16.92	18.92	やっぱり	역시나.
V01	21.52	25.52	あら、素敵な服ね、とてもよく似合ってるわ	어머, 멋진 옷이구나.\n아주 잘 어울려.
V01	25.52	28.92	えへへ、お母さんが作ってくれたの	에헤헤, 엄마가 만들어 주셨어요.
V01	28.92	35.92	こんな大事な日にまで寝坊するとは、大物なのか、ただ抜けてるだけなのか、どっちかなよな	이런 중요한 날까지 늦잠이라니\n큰 인물인지 얼빠진 건지 원.
V01	35.92	41.92	はぁ、あぁ、おはようクリス	하아암… 안녕, 크리스.
V01	41.92	47.92	おはようじゃないわよ、旅に出てもこんなだったら置いてっちゃうからね	안녕이 아니잖아!\n여행 가서도 이러면 두고 갈 거야.
V01	47.92	53.92	ほら、ちゃんとして、くれぐれも村長さんに失礼のないようにするんですよ	자, 단정히 하고\n촌장님께 절대 실례하지 않도록 하렴.
V01	53.92	57.92	後からお母さんたちも行きますからね	엄마랑 아빠도 나중에 갈게.
V01	57.92	61.92	あ、そうだわ、さっきね、銀庸詩人を見かけたの	아, 맞다.\n아까 음유시인을 봤어.	銀庸詩人 → 吟遊詩人
V01	61.92	63.92	銀庸詩人?	음유시인?
V01	63.92	68.92	うん、この村に銀庸詩人が来るなんて珍しいわよね	응. 이 마을에 음유시인이 오다니\n드문 일이지?
